IdCategoria;IdFabricante;Referencia;PartNumber;UpcCode;Peso;Fotografia;Oferta;FechaInicioOferta;FechaFinOferta;Nombre;Resumen;Descripcion;InfoGeneral;EspecificacionesAmpliadas;Accesorios;Stock;FechaStock;Tasas;Coste;DesCategoria;DesFabricante;
112;14569;01901349;01901349;;0,000;/01901349.JPG;0;;;RATON TALIUS OPTICO INALÁMBRICO USB MO-201 NEGRO;RATON TALIUS OPTICO INALÁMBRICO USB MO-201 NEGRO;;;;;6;;0,00;6,90;Ratones;TALIUS;
257;1;063179;063179;;0,000;/063179.JPG;0;;;;;;;;;1;;0,00;0,95;Cables y Adapt. Teclado y Raton;[sin fabricante];
267;1;080633;080633;;0,000;/080633.JPG;0;;;CABLE NULL MODEM DB 9H/H 1.80M;;;;;;21;;0,00;0,95;Cables y Adaptadores Serie;[sin fabricante];
258;1;088509;088509;;0,000;/088509.JPG;0;;;;;;;;;15;;0,00;1,55;Cables y Adaptadores Ethernet;[sin fabricante];
258;1;088516;088516;;0,000;/088516.JPG;0;;;;;;;;;9;;0,00;1,45;Cables y Adaptadores Ethernet;[sin fabricante];
268;9376;10.01.1900;10.01.1900;;0,000;/10.01.1900.JPG;0;;;CABLE USB A/A 1*HEMBRA/2*MACHO 15CM;;;;;;5;;0,00;0,98;Cables y Adaptadores USB;Nano Cable;
268;9376;10.01.2102;10.01.2102;;0,000;/10.01.2102.JPG;0;;;;;;;;;1;;0,00;2,95;Cables y Adaptadores USB;Nano Cable;
153;9376;10.03.0401;10.03.0401;;0,000;/10.03.0401.JPG;0;;;CONVERSOR USB 3.0 a RED RJ45 GIGABIT;;;;;;4;;0,00;9,95;Transceptores / Convertidores;Nano Cable;
263;9376;10.15.0103;10.15.0103;;0,000;/10.15.0103.JPG;0;;;;;;;;;2;;0,00;2,95;Cables y Adaptadores Monitor;Nano Cable;
256;9376;10.15.0700;10.15.0700;;0,000;/10.15.0700.JPG;0;;;;;;;;;1;;0,00;1,95;Cables Video y Audio;Nano Cable;
256;9376;10.16.0502;10.16.0502;;0,000;/10.16.0502.JPG;0;;;;;;;;;0;;0,00;9,95;Cables Video y Audio;Nano Cable;
258;9376;10.20.0105;10.20.0105;;0,000;/10.20.0105.JPG;0;;;;;;;;;1;;0,00;1,95;Cables y Adaptadores Ethernet;Nano Cable;
258;9376;10.21.0201-;10.21.0102-100;;0,000;/10.21.0102-100.JPG;0;;;;;;;;;1;;0,00;12,90;Cables y Adaptadores Ethernet;Nano Cable;
167;9376;10.21.1002;10.21.1002;;0,000;/10.21.1002.JPG;0;;;;;;;;;0;;0,00;2,95;Accesorios de Red;Nano Cable;
256;9376;10.24.0103;10.24.0103;;0,000;/10.24.0103.JPG;0;;;CABLE AUDIO MINIJACK Macho/Macho 3.00M;;;;;;1;;0,00;0,99;Cables Video y Audio;Nano Cable;
124;7642;100-100000063;100-100000063WOF;;0,000;/100-100000063WOF.JPG;0;;;;;;;;;26;;0,00;139,95;Procesadores;AMD;
124;7642;100-100000065;100-100000065BOX;;0,000;/100-100000065BOX.JPG;0;;;;;;;;;0;;0,00;99,55;Procesadores;AMD;
124;7642;100-100000252;100-100000252BOX;;0,000;/100-100000252BOX.JPG;0;;;;;;;;;0;;0,00;93,95;Procesadores;AMD;
124;7642;100-100000263;100-100000263BOX;;0,000;/100-100000263BOX.JPG;0;;;;;;;;;0;;0,00;113,95;Procesadores;AMD;
124;7642;100-100000457;100-100000457BOX;;0,000;/100-100000457BOX.JPG;0;;;;;;;;;0;;0,00;60,95;Procesadores;AMD;
124;7642;100-100000514;100-100000514WOF;;0,000;/100-100000514WOF.JPG;0;;;;;;;;;0;;0,00;387,95;Procesadores;AMD;
124;7642;100-100000589;100-100000589WOF;;0,000;/100-100000589WOF.JPG;0;;;;;;;;;3;;0,00;234,95;Procesadores;AMD;
124;7642;100-100000590;100-100000590BOX;;0,000;/100-100000590BOX.JPG;0;;;;;;;;;2;;0,00;224,95;Procesadores;AMD;
124;7642;100-100000591;100-100000591WOF;;0,000;/100-100000591WOF.JPG;0;;;;;;;;;7;;0,00;172,95;Procesadores;AMD;
124;7642;100-100000592;100-100000592BOX;;0,000;/100-100000592BOX.JPG;0;;;;;;;;;0;;0,00;206,95;Procesadores;AMD;
124;7642;100-100000593;100-100000593WOF;;0,000;/100-100000593WOF.JPG;0;;;;;;;;;0;;0,00;128,95;Procesadores;AMD;
124;7642;100-100000662;100-100000662WOF;;0,000;/100-100000662WOF.JPG;0;;;;;;;;;0;;0,00;299,95;Procesadores;AMD;
124;7642;100-100000718;100-100000718BOX;;0,000;/100-100000718BOX.JPG;0;;;;;;;;;2;;0,00;160,95;Procesadores;AMD;
124;7642;100-100000719;100-100000719WOF;;0,000;/100-100000719WOF.JPG;0;;;;;;;;;1;;0,00;513,95;Procesadores;AMD;
124;7642;100-100000908;100-100000908WOF;;0,000;/100-100000908WOF.JPG;0;;;;;;;;;0;;0,00;514,95;Procesadores;AMD;
124;7642;100-100000909;100-100000909WOF;;0,000;/100-100000909WOF.JPG;0;;;;;;;;;0;;0,00;434,95;Procesadores;AMD;
124;7642;100-100000910;100-100000910WOF;;0,000;/100-100000910WOF.JPG;0;;;;;;;;;8;;0,00;271,95;Procesadores;AMD;
124;7642;100-100000926;100-100000926WOF;;0,000;/100-100000926WOF.JPG;0;;;;;;;;;0;;0,00;105,95;Procesadores;AMD;
124;7642;100-10000093B;100-100000931BOX;;0,000;/100-100000931BOX.JPG;0;;;;;;;;;2;;0,00;101,95;Procesadores;AMD;
124;7642;100-100001015;100-100001015BOX;;0,000;/100-100001015BOX.JPG;0;;;;;;;;;9;;0,00;122,95;Procesadores;AMD;
124;7642;100-100001084;100-100001084WOF;;0,000;/100-100001084WOF.JPG;0;;;;;;;;;4;;0,00;350,95;Procesadores;AMD;
124;7642;100-100001236;100-100001236BOX;;0,000;/100-100001236BOX.JPG;0;;;;;;;;;0;;0,00;186,95;Procesadores;AMD;
124;7642;100-100001237;100-100001237BOX;;0,000;/100-100001237BOX.JPG;0;;;;;;;;;1;;0,00;137,95;Procesadores;AMD;
124;7642;100-100001277;100-100001277WOF;;0,000;/100-100001277WOF.JPG;0;;;;;;;;;0;;0,00;403,95;Procesadores;AMD;
124;7642;100-100001368;100-100001368WOF;;0,000;/100-100001368WOF.JPG;0;;;;;;;;;3;;0,00;429,95;Procesadores;AMD;
124;7642;100-100001404;100-100001404WOF;;0,000;/100-100001404WOF.JPG;0;;;;;;;;;0;;0,00;229,95;Procesadores;AMD;
124;7642;100-100001405;100-100001405WOF;;0,000;/100-100001405WOF.JPG;0;;;;;;;;;18;;0,00;143,95;Procesadores;AMD;
124;7642;100-100001488;100-100001488BOX;;0,000;/100-100001488BOX.JPG;0;;;;;;;;;0;;0,00;91,95;Procesadores;AMD;
124;7642;100-100001489;100-100001489BOX;;0,000;/100-100001489BOX.JPG;0;;;;;;;;;0;;0,00;89,95;Procesadores;AMD;
124;7642;100-100001503;100-100001503WOF;;0,000;/100-100001503WOF.JPG;0;;;100-100001503WOF;;;;;;0;;0,00;177,95;Procesadores;AMD;
124;7642;100-10000651;100-100000651WOF;;0,000;/100-100000651WOF.JPG;0;;;;;;;;;0;;0,00;244,95;Procesadores;AMD;
124;7642;100-10000927X;100-100000927BOX;;0,000;/100-100000927BOX.JPG;0;;;;;;;;;0;;0,00;106,95;Procesadores;AMD;
134;9161;100809;100809;;0,000;/100809.JPG;0;;;LECT.MEM.EXPRESS CARD;;;;;;1;;0,00;9,69;Lectores SmartMedia/Card/CompactFlash...;Manhattan;
269;9376;10160102W;10160102W;;0,000;/10160102W.JPG;0;;;ADAPTADOR DISPLAY PORT MINI M/HDMI H;;;;;;1;;0,00;6,95;Cables y Conectores;Nano Cable;
269;9376;10162101;10.16.2101-BK;;0,000;/10.16.2101-BK.JPG;0;;;CONVERSOR VGA+JACK Hembra/HDMI Hembra;;;;;;1;;0,00;18,68;Cables y Conectores;Nano Cable;
194;9161;102030;102030;;0,000;/102030.JPG;0;;;ADAPTADOR AUDIO MINIJACK Y 1M/2H 20CM;;;;;;1;;0,00;0,47;Adaptadores;Manhattan;
0;;116053.03;116053.03;;0,000;/116053.03.JPG;0;;;;;;;;;6;;0,00;29,95;;;
268;8548;128523;128523;;0,000;/128523.JPG;0;;;;;;;;;1;;0,00;0,79;Cables y Adaptadores USB;Gembird;
126;9161;140034;140034;;0,000;/140034.JPG;0;;;COOLER P4 SOCKET 1156;;;;;;4;;0,00;5,72;Ventiladores CPU;Manhattan;
255;7728;14G000107080;14G000107080;;0,000;/14G000107080.JPG;0;;;;;;;;;2;;0,00;1,95;Cables Transferencia Datos;ASUS;
410;9161;156899;156899;;0,000;/156899.JPG;0;;;KVM  8PC PS2 RACKEABLE SIN CABLES;;;;;;1;;0,00;94,44;Comutadores KVM;Manhattan;
258;9161;162838;162838;;0,000;/162838.JPG;0;;;;;;;;;2;;0,00;0,45;Cables y Adaptadores Ethernet;Manhattan;
258;9161;162951;162951;;0,000;/162951.JPG;0;;;;;;;;;3;;0,00;0,01;Cables y Adaptadores Ethernet;Manhattan;
258;9161;163316;163316;;0,000;/163316.JPG;0;;;;;;;;;3;;0,00;0,01;Cables y Adaptadores Ethernet;Manhattan;
108;9161;164238;164238;;0,000;/164238.JPG;0;;;;;;;;;1;;0,00;3,95;Auriculares;Manhattan;
220;9161;166577;166577;;0,000;/166577.JPG;0;;;;;;;;;2;;0,00;0,95;Equipos SAI-UPS;Manhattan;
220;9161;168205;168205;;0,000;/168205.JPG;0;;;;;;;;;2;;0,00;199,95;Equipos SAI-UPS;Manhattan;
112;9161;170123;170123;;0,000;/170123.JPG;0;;;;;;;;;1;;0,00;9,91;Ratones;Manhattan;
85;9161;170765;170765;;0,000;/170765.JPG;0;;;;;;;;;5;;0,00;19,95;Camaras VIdeovigilancia;Manhattan;
85;9161;172714;172714;;0,000;/172714.JPG;0;;;CAMARA IP - SOPORTE PARA ESCRITORIO;;;;;;1;;0,00;4,67;Camaras VIdeovigilancia;Manhattan;
85;9161;172721;172721;;0,000;/172721.JPG;0;;;SOPORTE PARA TECHO PARA CAMARA IP;;;;;;1;;0,00;5,50;Camaras VIdeovigilancia;Manhattan;
149;9161;172851;172851;;0,000;/172851.JPG;0;;;;;;;;;1;;0,00;3,95;Hubs;Manhattan;
85;9161;175142;175142;;0,000;/175142.JPG;0;;;;;;;;;4;;0,00;14,95;Camaras VIdeovigilancia;Manhattan;
85;9161;176248;176248;;0,000;/176248.JPG;0;;;ACOPLADOR DE MASTIL PARA CAJA EXTERNA DE CÁMARA IP;Diseńado para caja para exterior (176323) de cámaras IP;;;;;1;;0,00;15,56;Camaras VIdeovigilancia;Manhattan;
85;9161;176279;176279;;0,000;/176279.JPG;0;;;BASE SOPORTE 13CM ALUMINIO PARA CÁMARA IP;;; Ideal para montaje en mesa y techoBrazo de aluminio, plateadoAngulo de giro del pivote: 360°Angulo de movimiento vertical: 90°;;;1;;0,00;7,93;Camaras VIdeovigilancia;Manhattan;
85;9161;176323;176323;;0,000;/176323.JPG;0;;;CAJA EXTERNA PARA CÁMARA IP;;;;;;2;;0,00;18,29;Camaras VIdeovigilancia;Manhattan;
121;9161;176996;176996;;0,000;/176996.JPG;0;;;;;;;;;1;;0,00;14,95;Tarjetas Controladoras / Puertos USB-Firewire;Manhattan;
112;9161;177559;177559;;0,000;/177559.JPG;0;;;Ratón Optico USB Micro 2 puertos USB Retractil;;;;;;1;;0,00;3,99;Ratones;Manhattan;
111;9161;177771;177771;;0,000;/177771.JPG;0;;;;;;;;;45;;0,00;6,95;Teclados;Manhattan;
153;9161;179188;179188;;0,000;/179188.JPG;0;;;CONVERSOR USB 2.0 a EXPRESS CARD;;;;;;3;;0,00;5,82;Transceptores / Convertidores;Manhattan;
0;7961;1870B002;1870B002;;0,000;/1870B002.JPG;0;;;;;;;;;1;;0,00;42,95;;Canon;
277;1;1IFEPA2USB;1IFEPA2USB;;0,000;/1IFEPA2USB.JPG;0;;;;;;;;;1;;0,00;5,95;Cargadores / Adaptadores;[sin fabricante];
194;9161;200509;200509;;0,000;/200509.JPG;0;;;;;;;;;2;;0,00;0,01;Adaptadores;Manhattan;
194;9161;200578;200578;;0,000;/200578.JPG;0;;;ADAPTADOR DB 9M / DB25H MOLD;;;;;;20;;0,00;0,95;Adaptadores;Manhattan;
194;9161;200622;200622;;0,000;/200622.JPG;0;;;;;;;;;1;;0,00;0,01;Adaptadores;Manhattan;
194;9161;200707;200707;;0,000;/200707.JPG;0;;;ADAPTADOR NULL MODEM DB25 M/H;;;;;;2;;0,00;0,81;Adaptadores;Manhattan;
194;9161;200769;200769;;0,000;/200769.JPG;0;;;;;;;;;2;;0,00;0,01;Adaptadores;Manhattan;
194;9161;200813;200813;;0,000;/200813.JPG;0;;;ADAPTADOR MOUSE PS2 Macho / DB25 Macho;;;;;;10;;0,00;0,49;Adaptadores;Manhattan;
194;9161;200844;200844;;0,000;/200844.JPG;0;;;CAMBIADOR DE GENERO DIN6 H/H MINI;;;;;;1;;0,00;0,34;Adaptadores;Manhattan;
194;9161;200899;200899;;0,000;/200899.JPG;0;;;;;;;;;1;;0,00;0,01;Adaptadores;Manhattan;
194;9161;201001;201001;;0,000;/201001.JPG;0;;;;;;;;;3;;0,00;0,01;Adaptadores;Manhattan;
194;9161;201056;201056;;0,000;/201056.JPG;0;;;;;;;;;3;;0,00;0,01;Adaptadores;Manhattan;
194;9161;201148;201148;;0,000;/201148.JPG;0;;;;;;;;;1;;0,00;0,01;Adaptadores;Manhattan;
194;9161;201223;201223;;0,000;/201223.JPG;0;;;;;;;;;3;;0,00;0,01;Adaptadores;Manhattan;
194;9161;202565;202565;;0,000;/202565.JPG;0;;;;;;;;;1;;0,00;0,95;Adaptadores;Manhattan;
163;9161;204996;204996;;0,000;/204996.JPG;0;;;KVM CABLE VGA Macho-Hembra/2xPS2 Macho-Macho 4.50M;;;;;;7;;0,00;5,53;Accesorios / Cables Switch KVM;Manhattan;
285;9161;206617;206617;;0,000;/206617.JPG;0;;;Panel de Tapa Ciega de 19", 2 U;;; Color: NegroMaterial: Hoja de aceroPeso: 0.3 kgCubre las posiciones sin usar de los gabinetes2U19"Material: hoja de aceroNegro;;;1;;0,00;2,22;Componentes Rack;Manhattan;
163;9161;207003;207003;;0,000;/207003.JPG;0;;;AMPLIFICADOR MonitorVGA/Teclado+MousePS2 CAT.5 NEGRO;;;;;;1;;0,00;51,11;Accesorios / Cables Switch KVM;Manhattan;
269;9161;210355;210355;;0,000;/210355.JPG;0;;;;;;;;;0;;0,00;1,55;Cables y Conectores;Manhattan;
163;9161;210683;210683;;0,000;/210683.JPG;0;;;CABLE PARA KVM (P/N 156899) PS2 3.00M;;;;;;9;;0,00;6,52;Accesorios / Cables Switch KVM;Manhattan;
256;9161;227441;227441;;0,000;/227441.JPG;0;;;;EAN 4016032227441;;;;;2;;0,00;3,95;Cables Video y Audio;Manhattan;
248;9161;300148;300148;;0,000;/300148.JPG;0;;;CABLE ALIMENTENTACIÓN 220V 1.80M;;;;;;1;;0,00;1,61;Cables Corriente;Manhattan;
248;9161;300148SN;300148SN;;0,000;/300148SN.JPG;0;;;CABLE ALIMENTENTACIÓN 220V 1.80M;;;;;;1;;0,00;1,61;Cables Corriente;Manhattan;
256;9161;300438;300438;;0,000;/300438.JPG;0;;;;;;;;;5;;0,00;3,95;Cables Video y Audio;Manhattan;
256;9161;301091;301091;;0,000;/301091.JPG;0;;;CABLE HDTV DVI M / 3xRCA M 1.80M;;;;;;7;;0,00;4,49;Cables Video y Audio;Manhattan;
267;9161;301350;301350;;0,000;/301350.JPG;0;;;CABLE DATOS DB25 Macho/Macho  3 metros;;;;;;3;;0,00;0,95;Cables y Adaptadores Serie;Manhattan;
267;9161;301404;301404;;0,000;/301404.JPG;0;;;;;;;;;2;;0,00;0,95;Cables y Adaptadores Serie;Manhattan;
264;9161;301985;301985;;0,000;/301985.JPG;0;;;CABLE LAP LINK PARALELO 1.80M;;;;;;11;;0,00;0,95;Cables y Adaptadores Paralelo;Manhattan;
268;9161;302029;302029;;0,000;/302029.JPG;0;;;;;;;;;1;;0,00;0,95;Cables y Adaptadores USB;Manhattan;
268;9161;302050;302050;;0,000;/302050.JPG;0;;;;;;;;;5;;0,00;1,25;Cables y Adaptadores USB;Manhattan;
268;9161;302074;302074;;0,000;/302074.JPG;0;;;CABLE USB A/B 2.0 0.90M AZUL;;;;;;0;;0,00;0,44;Cables y Adaptadores USB;Manhattan;
268;9161;302104;302104;;0,000;/302104.JPG;0;;;;;;;;;1;;0,00;1,45;Cables y Adaptadores USB;Manhattan;
267;9161;302333;302333;;0,000;/302333.JPG;0;;;;;;;;;1;;0,00;1,95;Cables y Adaptadores Serie;Manhattan;
258;9161;302449;302449;;0,000;/302449.JPG;0;;;;;;;;;1;;0,00;0,01;Cables y Adaptadores Ethernet;Manhattan;
257;9161;302531;302531;;0,000;/302531.JPG;0;;;;;;;;;5;;0,00;1,95;Cables y Adapt. Teclado y Raton;Manhattan;
257;9161;302548;302548;;0,000;/302548.JPG;0;;;;;;;;;1;;0,00;0,01;Cables y Adapt. Teclado y Raton;Manhattan;
257;9161;302623;302623;;0,000;/302623.JPG;0;;;;;;;;;1;;0,00;1,95;Cables y Adapt. Teclado y Raton;Manhattan;
248;9161;302821;302821;;0,000;/302821.JPG;0;;;;;;;;;3;;0,00;1,95;Cables Corriente;Manhattan;
258;9161;302852;302852;;0,000;/302852.JPG;0;;;;;;;;;1;;0,00;0,01;Cables y Adaptadores Ethernet;Manhattan;
267;9161;303033;303033;;0,000;/303033.JPG;0;;;;;;;;;4;;0,00;1,95;Cables y Adaptadores Serie;Manhattan;
264;9161;303194;303194;;0,000;/303194.JPG;0;;;;;;;;;1;;0,00;1,95;Cables y Adaptadores Paralelo;Manhattan;
264;9161;303446;303446;;0,000;/303446.JPG;0;;;;;;;;;1;;0,00;0,01;Cables y Adaptadores Paralelo;Manhattan;
267;9161;303576;303576;;0,000;/303576.JPG;0;;;;;;;;;1;;0,00;1,07;Cables y Adaptadores Serie;Manhattan;
255;9161;306461;306461;;0,000;/306461.JPG;0;;;;;;;;;1;;0,00;36,47;Cables Transferencia Datos;Manhattan;
255;9161;306478;306478;;0,000;/306478.JPG;0;;;;;;;;;1;;0,00;36,47;Cables Transferencia Datos;Manhattan;
268;9161;307215;307215;;0,000;/307215.JPG;0;;;CABLE USB A/MICRO A 2.0 1.80M;;;;;;2;;0,00;0,95;Cables y Adaptadores USB;Manhattan;
258;9161;307260;307260;;0,000;/307260.JPG;0;;;;;;;;;2;;0,00;3,95;Cables y Adaptadores Ethernet;Manhattan;
256;9161;307284;307284;;0,000;/307284.JPG;0;;;;;;;;;1;;0,00;2,95;Cables Video y Audio;Manhattan;
256;9161;307321;307321;;0,000;/307321.JPG;0;;;;;;;;;1;;0,00;2,95;Cables Video y Audio;Manhattan;
255;9161;307703;307703;;0,000;/307703.JPG;0;;;;;;;;;1;;0,00;0,01;Cables Transferencia Datos;Manhattan;
256;9161;307833;307833;;0,000;/307833.JPG;0;;;CABLE Y DUPLICADOR HDMI Macho a 2*HDMI Hembra 30cm;;;;;;4;;0,00;4,80;Cables Video y Audio;Manhattan;
194;9161;308496;308496;;0,000;/308496.JPG;0;;;ADAPTADOR DVI MINI M - DVI H;;;;;;6;;0,00;8,65;Adaptadores;Manhattan;
256;9161;309011;309011;;0,000;/309011.JPG;0;;;Cable VGA alargador 1.80m macho/hembra blindado;;;;;;2;;0,00;1,95;Cables Video y Audio;Manhattan;
267;9161;309042;309042;;0,000;/309042.JPG;0;;;CABLE DATOS DB25 Macho/Macho 90cm;;;;;;4;;0,00;0,95;Cables y Adaptadores Serie;Manhattan;
256;9161;309066;309066;;0,000;/309066.JPG;0;;;CABLE VGA HD15 Macho/Macho 3.00M;;;;;;1;;0,00;2,84;Cables Video y Audio;Manhattan;
256;9161;309103;309103;;0,000;/309103.JPG;0;;;CABLE VGA ALARGARDOR HD15 Macho/Hembra  7.60M;;;;;;2;;0,00;3,44;Cables Video y Audio;Manhattan;
264;9161;309172;309172;;0,000;/309172.JPG;0;;;;;;;;;4;;0,00;0,01;Cables y Adaptadores Paralelo;Manhattan;
267;9161;309288;309288;;0,000;/309288.JPG;0;;;;;;;;;2;;0,00;4,95;Cables y Adaptadores Serie;Manhattan;
267;9161;309356;309356;;0,000;/309356.JPG;0;;;;;;;;;1;;0,00;0,01;Cables y Adaptadores Serie;Manhattan;
261;9161;309974;309974;;0,000;/309974.JPG;0;;;;;;;;;7;;0,00;0,01;Cables y Adaptadores Firewire;Manhattan;
267;9161;310338;310338;;0,000;/310338.JPG;0;;;;;;;;;1;;0,00;0,01;Cables y Adaptadores Serie;Manhattan;
267;1;310680;310680;;0,000;/310680.JPG;0;;;;;;;;;1;;0,00;0,95;Cables y Adaptadores Serie;[sin fabricante];
261;9161;310697;310697;;0,000;/310697.JPG;0;;;;;;;;;1;;0,00;0,01;Cables y Adaptadores Firewire;Manhattan;
261;9161;310703;310703;;0,000;/310703.JPG;0;;;;;;;;;1;;0,00;0,01;Cables y Adaptadores Firewire;Manhattan;
261;9161;310710;310710;;0,000;/310710.JPG;0;;;;;;;;;2;;0,00;0,01;Cables y Adaptadores Firewire;Manhattan;
261;9161;310727;310727;;0,000;/310727.JPG;0;;;;;;;;;1;;0,00;0,01;Cables y Adaptadores Firewire;Manhattan;
261;9161;310765;310765;;0,000;/310765.JPG;0;;;;;;;;;2;;0,00;1,95;Cables y Adaptadores Firewire;Manhattan;
261;9161;310772;310772;;0,000;/310772.JPG;0;;;;;;;;;3;;0,00;0,01;Cables y Adaptadores Firewire;Manhattan;
267;9161;311342;311342;;0,000;/311342.JPG;0;;;CABLE MODEM DB9H/25M 1.80METROS;;;;;;9;;0,00;0,95;Cables y Adaptadores Serie;Manhattan;
258;9161;313292;313292;;0,000;/313292.JPG;0;;;;;;;;;1;;0,00;0,01;Cables y Adaptadores Ethernet;Manhattan;
256;9161;313605;313605;;0,000;/313605.JPG;0;;;CABLE VGA ALARGARDOR HD15 Macho/Hembra 10.00M BLINDADO;;;;;;15;;0,00;7,95;Cables Video y Audio;Manhattan;
256;9161;317702;317702;;0,000;/317702.JPG;0;;;CABLE VGA ALARGARDOR HD15 10.00M BLINDADO + FILTRO;;;;;;2;;0,00;7,93;Cables Video y Audio;Manhattan;
256;9161;317726;317726;;0,000;/317726.JPG;0;;;CABLE EXT.MONITOR HD15M/H COAXFER  5.00M;;;;;;7;;0,00;4,72;Cables Video y Audio;Manhattan;
256;9161;317740;317740;;0,000;/317740.JPG;0;;;CABLE VGA ALARGARDOR HD15 3.00M BLINDADO + FILTRO;;;;;;19;;0,00;3,64;Cables Video y Audio;Manhattan;
258;9161;318082;318082;;0,000;/318082.JPG;0;;;CABLE RED LATIGUILLO RJ45 CAT5 UTP 0.50M BLANCO;;;;;;2;;0,00;0,95;Cables y Adaptadores Ethernet;Manhattan;
258;9161;318228;318228;;0,000;/318228.JPG;0;;;CABLE RED LATIGUILLO RJ45 CAT5 UTP 0.50M GRIS;;;;;;1;;0,00;0,95;Cables y Adaptadores Ethernet;Manhattan;
268;9161;319478;319478;;0,000;/319478.JPG;0;;;;;;;;;15;;0,00;0,31;Cables y Adaptadores USB;Manhattan;
268;9161;319515;319515;;0,000;/319515.JPG;0;;;;;;;;;5;;0,00;1,45;Cables y Adaptadores USB;Manhattan;
258;9161;319874;319874;;0,000;/319874.JPG;0;;;;;;;;;1;;0,00;2,95;Cables y Adaptadores Ethernet;Manhattan;
258;9161;319898;319898;;0,000;/319898.JPG;0;;;;;;;;;17;;0,00;2,95;Cables y Adaptadores Ethernet;Manhattan;
261;9161;323789;323789;;0,000;/323789.JPG;0;;;;;;;;;3;;0,00;3,21;Cables y Adaptadores Firewire;Manhattan;
261;9161;323826;323826;;0,000;/323826.JPG;0;;;;;;;;;1;;0,00;2,41;Cables y Adaptadores Firewire;Manhattan;
261;9161;323833;323833;;0,000;/323833.JPG;0;;;;;;;;;3;;0,00;4,95;Cables y Adaptadores Firewire;Manhattan;
149;9161;324021;324021;;0,000;/324021.JPG;0;;;HUB INTERNO USB 4 PUERTOS CON CABLE A PLACA BASE;;;;;;2;;0,00;5,83;Hubs;Manhattan;
268;9161;325400;325400;;0,000;/325400.JPG;0;;;CABLE USB A/B 3.0 1.00M AZUL;;;;;;6;;0,00;1,75;Cables y Adaptadores USB;Manhattan;
103;9161;325585;325585;;0,000;/325585.JPG;0;;;CABLE EUROCONECTOR Macho/Macho 1.50M;;;;;;10;;0,00;0,95;Sintonizadores Tv /TDT / Audio;Manhattan;
258;9161;326919;326919;;0,000;/326919.JPG;0;;;;;;;;;1;;0,00;1,58;Cables y Adaptadores Ethernet;Manhattan;
258;9161;329378;329378;;0,000;/329378.JPG;0;;;CABLE LATIGUILLO RED CRUZADO CAT5 UTP  1.00M;;;;;;17;;0,00;0,95;Cables y Adaptadores Ethernet;Manhattan;
258;9161;329385;329385;;0,000;/329385.JPG;0;;;CABLE LATIGUILLO RED CRUZADO CAT5 UTP  2.00M;;;;;;8;;0,00;0,89;Cables y Adaptadores Ethernet;Manhattan;
258;9161;329392;329392;;0,000;/329392.JPG;0;;;CABLE LATIGUILLO RED CRUZADO CAT5 UTP  3.00M;;;;;;7;;0,00;1,39;Cables y Adaptadores Ethernet;Manhattan;
258;9161;329408;329408;;0,000;/329408.JPG;0;;;CABLE LATIGUILLO RED CRUZADO CAT5 UTP 15.00M;;;;;;19;;0,00;4,95;Cables y Adaptadores Ethernet;Manhattan;
258;9161;329446;329446;;0,000;/329446.JPG;0;;;CABLE LATIGUILLO RED CRUZADO CAT5 UTP  5.00M;;;;;;6;;0,00;1,19;Cables y Adaptadores Ethernet;Manhattan;
258;9161;329583;329583;;0,000;/329583.JPG;0;;;;;;;;;4;;0,00;0,95;Cables y Adaptadores Ethernet;Manhattan;
258;9161;329712;329712;;0,000;/329712.JPG;0;;;;;;;;;7;;0,00;2,45;Cables y Adaptadores Ethernet;Manhattan;
258;9161;329750;329750;;0,000;/329750.JPG;0;;;CABLE LATIGUILLO RED CRUZADO CAT5 UTP  7.60M;;;;;;6;;0,00;1,51;Cables y Adaptadores Ethernet;Manhattan;
258;9161;329989;329989;;0,000;/329989.JPG;0;;;;;;;;;1;;0,00;0,95;Cables y Adaptadores Ethernet;Manhattan;
258;9161;331661;331661;;0,000;/331661.JPG;0;;;CABLE LATIGUILLO RED CRUZADO CAT5 UTP  0.45M;;;;;;1;;0,00;0,95;Cables y Adaptadores Ethernet;Manhattan;
258;9161;331678;331678;;0,000;/331678.JPG;0;;;CABLE LATIGUILLO RED CRUZADO CAT5 UTP 10.00M;;;;;;31;;0,00;1,95;Cables y Adaptadores Ethernet;Manhattan;
258;9161;331852;331852;;0,000;/331852.JPG;0;;;LATIGUILLO CAT.5 FTP 1.00M AZUL;;;;;;14;;0,00;0,95;Cables y Adaptadores Ethernet;Manhattan;
258;9161;332163;332163;;0,000;/332163.JPG;0;;;LATIGUILLO CAT.5 FTP 1.00M AZUL;;;;;;6;;0,00;0,49;Cables y Adaptadores Ethernet;Manhattan;
268;9161;332804;332804;;0,000;/332804.JPG;0;;;;;;;;;5;;0,00;1,08;Cables y Adaptadores USB;Manhattan;
268;9161;333412;333412;;0,000;/333412.JPG;0;;;;;;;;;1;;0,00;0,95;Cables y Adaptadores USB;Manhattan;
194;9161;333962;333962;;0,000;/333962.JPG;0;;;ADAPTADOR USB H a PS2 M VERDE;;;;;;115;;0,00;0,49;Adaptadores;Manhattan;
256;9161;335607;335607;;0,000;/335607.JPG;0;;;CABLE VGA HD15 Macho/Macho 20.00M Negro BLINDADO;;;;;;5;;0,00;13,65;Cables Video y Audio;Manhattan;
256;9161;336505;336505;;0,000;/336505.JPG;0;;;CABLE AUDIO 1xMINIJACK Macho / 2xRCA Hembra 25CM;;;;;;15;;0,00;0,95;Cables Video y Audio;Manhattan;
256;9161;336529;336529;;0,000;/336529.JPG;0;;;;;;;;;23;;0,00;0,95;Cables Video y Audio;Manhattan;
256;9161;337342;337342;;0,000;/337342.JPG;0;;;CABLE VGA HD15 Macho/Macho 30.00M Negro BLINDADO;;;;;;10;;0,00;24,31;Cables Video y Audio;Manhattan;
194;9161;337649;337649;;0,000;/337649.JPG;0;;;;;;;;;6;;0,00;0,95;Adaptadores;Manhattan;
248;9161;338646;338646;;0,000;/338646.JPG;0;;;CABLE MOLEX A P4 PLACA BASE 4 PINES (2x2); Adapta una fuente de alimentación a una placa base con conector de 4 pines (2x2).;;;;;101;;0,00;0,95;Cables Corriente;Manhattan;
248;9161;339100;339100;;0,000;/339100.JPG;0;;;CABLE ALIMENTACIÓN 220V EURO 8 1.80M;;;;;;11;;0,00;0,95;Cables Corriente;Manhattan;
258;9161;340427;340427;;0,000;/340427.JPG;0;;;;;;;;;1;;0,00;0,95;Cables y Adaptadores Ethernet;Manhattan;
268;9161;340458;340458;;0,000;/340458.JPG;0;;;;;;;;;1;;0,00;0,68;Cables y Adaptadores USB;Manhattan;
258;9161;341196;341196;;0,000;/341196.JPG;0;;;CABLE LATIGUILLO RED CRUZADO CAT6 UTP 1.00M;;;;;;4;;0,00;0,95;Cables y Adaptadores Ethernet;Manhattan;
258;9161;341240;341240;;0,000;/341240.JPG;0;;;CABLE LATIGUILLO RED CRUZADO CAT6 UTP 15.00M;;;;;;1;;0,00;9,53;Cables y Adaptadores Ethernet;Manhattan;
258;9161;341974;341974;;0,000;/341974.JPG;0;;;;;;;;;3;;0,00;1,59;Cables y Adaptadores Ethernet;Manhattan;
258;9161;342209;342209;;0,000;/342209.JPG;0;;;;;;;;;3;;0,00;3,95;Cables y Adaptadores Ethernet;Manhattan;
258;9161;342247;342247;;0,000;/342247.JPG;0;;;;;;;;;1;;0,00;0,95;Cables y Adaptadores Ethernet;Manhattan;
258;9161;342353;342353;;0,000;/342353.JPG;0;;;;;;;;;1;;0,00;0,95;Cables y Adaptadores Ethernet;Manhattan;
258;9161;342629;342629;;0,000;/342629.JPG;0;;;;;;;;;1;;0,00;0,95;Cables y Adaptadores Ethernet;Manhattan;
256;9161;342827;342827;;0,000;/342827.JPG;0;;;;;;;;;3;;0,00;0,95;Cables Video y Audio;Manhattan;
258;9161;343992;343992;;0,000;/343992.JPG;0;;;;;;;;;1;;0,00;0,95;Cables y Adaptadores Ethernet;Manhattan;
258;9161;344081;344081;;0,000;/344081.JPG;0;;;;;;;;;1;;0,00;0,95;Cables y Adaptadores Ethernet;Manhattan;
258;9161;344845;344845;;0,000;/344845.JPG;0;;;;;;;;;2;;0,00;1,00;Cables y Adaptadores Ethernet;Manhattan;
258;9161;344920;344920;;0,000;/344920.JPG;0;;;;;;;;;1;;0,00;0,95;Cables y Adaptadores Ethernet;Manhattan;
258;9161;344968;344968;;0,000;/344968.JPG;0;;;CABLE LATIGUILLO RED CRUZADO CAT6 UTP 0.50M;;;;;;1;;0,00;0,95;Cables y Adaptadores Ethernet;Manhattan;
258;9161;344975;344975;;0,000;/344975.JPG;0;;;;;;;;;1;;0,00;1,45;Cables y Adaptadores Ethernet;Manhattan;
258;9161;344982;344982;;0,000;/344982.JPG;0;;;CABLE LATIGUILLO RED CRUZADO CAT6 UTP 7.50M;;;;;;1;;0,00;2,68;Cables y Adaptadores Ethernet;Manhattan;
258;9161;345590;345590;;0,000;/345590.JPG;0;;;;;;;;;21;;0,00;0,95;Cables y Adaptadores Ethernet;Manhattan;
258;9161;345606;345606;;0,000;/345606.JPG;0;;;;;;;;;4;;0,00;0,95;Cables y Adaptadores Ethernet;Manhattan;
256;9161;346702;346702;;0,000;/346702.JPG;0;;;CABLE VIDEO SVIDEO 4 PINES Macho/RCA macho 1.80M;;;;;;16;;0,00;0,95;Cables Video y Audio;Manhattan;
258;9161;347181;347181;;0,000;/347181.JPG;0;;;CABLE RED LATIGUILLO RJ45 CAT5 UTP 0.30M BLANCO;;;;;;7;;0,00;0,95;Cables y Adaptadores Ethernet;Manhattan;
258;9161;347259;347259;;0,000;/347259.JPG;0;;;CABLE RED LATIGUILLO RJ45 CAT5 UTP 45.00M NEGRO;;;;;;0;;0,00;19,95;Cables y Adaptadores Ethernet;Manhattan;
258;9161;347266;347266;;0,000;/347266.JPG;0;;;CABLE RED LATIGUILLO RJ45 CAT5 UTP 45.00M ROJO;;;;;;1;;0,00;19,95;Cables y Adaptadores Ethernet;Manhattan;
258;9161;347310;347310;;0,000;/347310.JPG;0;;;;;;;;;9;;0,00;0,95;Cables y Adaptadores Ethernet;Manhattan;
258;9161;347327;347327;;0,000;/347327.JPG;0;;;;;;;;;1;;0,00;0,59;Cables y Adaptadores Ethernet;Manhattan;
258;9161;347402;347402;;0,000;/347402.JPG;0;;;;;;;;;1;;0,00;0,95;Cables y Adaptadores Ethernet;Manhattan;
258;9161;347426;347426;;0,000;/347426.JPG;0;;;CABLE RED LATIGUILLO RJ45 CAT6 UTP 0.15M VERDE;;;;;;16;;0,00;0,95;Cables y Adaptadores Ethernet;Manhattan;
258;9161;347440;347440;;0,000;/347440.JPG;0;;;CABLE RED LATIGUILLO RJ45 CAT5 UTP 0.30M NEGRO;;;;;;7;;0,00;0,95;Cables y Adaptadores Ethernet;Manhattan;
258;9161;347457;347457;;0,000;/347457.JPG;0;;;CABLE RED LATIGUILLO RJ45 CAT5 UTP 0.30M ROJO;;;;;;3;;0,00;0,95;Cables y Adaptadores Ethernet;Manhattan;
258;9161;347471;347471;;0,000;/347471.JPG;0;;;;;;;;;1;;0,00;0,95;Cables y Adaptadores Ethernet;Manhattan;
261;9161;347532;347532;;0,000;/347532.JPG;0;;;;;;;;;1;;0,00;2,95;Cables y Adaptadores Firewire;Manhattan;
248;9161;348997;348997;;0,000;/348997.JPG;0;;;;;;;;;6;;0,00;1,95;Cables Corriente;Manhattan;
267;9161;360043;360043;;0,000;/360043.JPG;0;;;;;;;;;2;;0,00;0,71;Cables y Adaptadores Serie;Manhattan;
267;9161;360050;360050;;0,000;/360050.JPG;0;;;CABLE DATOS DB25 Macho/Hembra  1.80 Metros;;;;;;8;;0,00;1,06;Cables y Adaptadores Serie;Manhattan;
267;9161;360067;360067;;0,000;/360067.JPG;0;;;CABLE DATOS DB25 Macho/Hembra  3 Metros;;;;;;10;;0,00;2,95;Cables y Adaptadores Serie;Manhattan;
267;9161;360098;360098;;0,000;/360098.JPG;0;;;;;;;;;3;;0,00;0,95;Cables y Adaptadores Serie;Manhattan;
256;9161;360135;360135;;0,000;/360135.JPG;0;;;CABLE VGA ALARGARDOR HD15 Macho/Hembra  3.00M BLISTER;;;;;;8;;0,00;2,94;Cables Video y Audio;Manhattan;
267;9161;360302;360302;;0,000;/360302.JPG;0;;;;;;;;;7;;0,00;1,95;Cables y Adaptadores Serie;Manhattan;
267;9161;360371;360371;;0,000;/360371.JPG;0;;;;;;;;;9;;0,00;0,95;Cables y Adaptadores Serie;Manhattan;
194;9161;360401;360401;;0,000;/360401.JPG;0;;;;;;;;;1;;0,00;0,95;Adaptadores;Manhattan;
261;9161;360470;360470;;0,000;/360470.JPG;0;;;;;;;;;6;;0,00;0,95;Cables y Adaptadores Firewire;Manhattan;
261;9161;360487;360487;;0,000;/360487.JPG;0;;;;;;;;;6;;0,00;0,01;Cables y Adaptadores Firewire;Manhattan;
103;9161;361101;361101;;0,000;/361101.JPG;0;;;CABLE EUROCONECTOR Macho/Macho 3 metros DORADO;;;;;;9;;0,00;7,85;Sintonizadores Tv /TDT / Audio;Manhattan;
103;9161;361118;361118;;0,000;/361118.JPG;0;;;CABLE EUROCONECTOR / SVIDEO 4 Pines + 2xRCA 1.50M;;;;;;11;;0,00;6,42;Sintonizadores Tv /TDT / Audio;Manhattan;
103;9161;361125;361125;;0,000;/361125.JPG;0;;;CABLE EUROCONECTOR / SVIDEO 4 Pines + 2xRCA 3 metros;;;;;;1;;0,00;7,54;Sintonizadores Tv /TDT / Audio;Manhattan;
103;9161;361132;361132;;0,000;/361132.JPG;0;;;;;;;;;2;;0,00;7,76;Sintonizadores Tv /TDT / Audio;Manhattan;
256;9161;361194;361194;;0,000;/361194.JPG;0;;;;;;;;;6;;0,00;4,32;Cables Video y Audio;Manhattan;
256;9161;361200;361200;;0,000;/361200.JPG;0;;;CABLE RCA AUDIO 2xMacho/2xMacho 4.80M DORADOS;;;;;;17;;0,00;6,08;Cables Video y Audio;Manhattan;
256;9161;361293;361293;;0,000;/361293.JPG;0;;;CABLE SVIDEO 4 PINES Macho/Macho 1.50M DORADOS;;;;;;39;;0,00;2,79;Cables Video y Audio;Manhattan;
103;9161;361675;361675;;0,000;/361675.JPG;0;;;;;;;;;1;;0,00;14,12;Sintonizadores Tv /TDT / Audio;Manhattan;
267;9161;362153;362153;;0,000;/362153.JPG;0;;;;;;;;;3;;0,00;1,22;Cables y Adaptadores Serie;Manhattan;
258;9161;362238;362238;;0,000;/362238.JPG;0;;;LATIGUILLO CAT.5 UTP 2.00M GRIS;;;;;;0;;0,00;0,95;Cables y Adaptadores Ethernet;Manhattan;
258;9161;362269;362269;;0,000;/362269.JPG;0;;;LATIGUILLO CAT.5 UTP 5.00M GRIS;;;;;;0;;0,00;1,95;Cables y Adaptadores Ethernet;Manhattan;
264;9161;362832;362832;;0,000;/362832.JPG;0;;;;;;;;;3;;0,00;0,01;Cables y Adaptadores Paralelo;Manhattan;
267;9161;362849;362849;;0,000;/362849.JPG;0;;;CABLE DATOS DB9 Hembra/ DB25 Macho 3 Metros;;;;;;36;;0,00;0,95;Cables y Adaptadores Serie;Manhattan;
261;9161;363181;363181;;0,000;/363181.JPG;0;;;;;;;;;7;;0,00;0,95;Cables y Adaptadores Firewire;Manhattan;
257;9161;363778;363778;;0,000;/363778.JPG;0;;;;;;;;;1;;0,00;0,01;Cables y Adapt. Teclado y Raton;Manhattan;
257;9161;363785;363785;;0,000;/363785.JPG;0;;;;;;;;;1;;0,00;3,95;Cables y Adapt. Teclado y Raton;Manhattan;
258;9161;364577;364577;;0,000;/364577.JPG;0;;;;;;;;;1;;0,00;1,45;Cables y Adaptadores Ethernet;Manhattan;
258;9161;364591;364591;;0,000;/364591.JPG;0;;;;;;;;;1;;0,00;1,95;Cables y Adaptadores Ethernet;Manhattan;
258;9161;365796;365796;;0,000;/365796.JPG;0;;;;;;;;;3;;0,00;2,55;Cables y Adaptadores Ethernet;Manhattan;
268;9161;365925;365925;;0,000;/365925.JPG;0;;;CABLE USB A USB LINK 2.0 XP/VISTA PARA TRANSFERENCIA; Transfiera archivos entre computadoras con este Cable USB 2.0. El cable viene con un software amigable para transferencia de archivos y automáticamente detecta e instala los periféricos.;; General:Plug and Play - detección automática e instalación de periféricosCompatible con Windows XP/Vista/7/8Certificaciones/Aprobaciones:FCCCEUSB de Alta VelocidadConexiones:Interfaz: USB 2.0Velocidades de transmisión: Hasta 480 MbpsConexiones: 2 tipo A machoAlimentación:Bus alimentadoConsumo de potencia: < 500 mA (en Modo Suspensión y Activo)Requerimientos del sistema:Intel Pentium 1 GHz o superior128 MB RAM o mayorPuerto USB (USB 2.0 para Tranferencia de Alta Velocidad)Windows XP SP2 o Vista/7/8;;;14;;0,00;8,53;Cables y Adaptadores USB;Manhattan;
261;9161;370493;370493;;0,000;/370493.JPG;0;;;CABLE FIREWIRE 9 Pines / 9 Pines 1.80M BLISTER;;;;;;5;;0,00;4,62;Cables y Adaptadores Firewire;Manhattan;
256;9161;371674;371674;;0,000;/371674.JPG;0;;;CABLE DVI-I 24+5 Macho/Hembra 1.80M;;;;;;2;;0,00;7,36;Cables Video y Audio;Manhattan;
256;9161;371797;371797;;0,000;/371797.JPG;0;;;CABLE DVI-D 18+1 Macho/Hembra 4.50M;;;;;;2;;0,00;10,59;Cables Video y Audio;Manhattan;
256;9161;371865;371865;;0,000;/371865.JPG;0;;;;;;;;;1;;0,00;4,95;Cables Video y Audio;Manhattan;
256;9161;371889;371889;;0,000;/371889.JPG;0;;;CABLE DVI-I 24+5 M/M 4.50M;;;;;;1;;0,00;4,95;Cables Video y Audio;Manhattan;
256;9161;371902;371902;;0,000;/371902.JPG;0;;;;;;;;;1;;0,00;13,24;Cables Video y Audio;Manhattan;
269;9376;374590;374590;;0,000;/374590.JPG;0;;;ADAPTADOR HDMI M/DVI-D 24+1 H;;;;;;1;;0,00;1,45;Cables y Conectores;Nano Cable;
256;9161;374675;374675;;0,000;/374675.JPG;0;;;;;;;;;2;;0,00;3,28;Cables Video y Audio;Manhattan;
256;9161;374682;374682;;0,000;/374682.JPG;0;;;;;;;;;1;;0,00;2,45;Cables Video y Audio;Manhattan;
255;9161;374934;374934;;0,000;/374934.JPG;0;;;BRACKET SATA 1 PUERTO CON CABLE 30CM CONECTOR L;;;;;;2;;0,00;2,95;Cables Transferencia Datos;Manhattan;
256;9161;380980;380980;;0,000;/380980.JPG;0;;;;;;;;;1;;0,00;1,45;Cables Video y Audio;Manhattan;
268;9161;390231;390231;;0,000;/390231.JPG;0;;;;;;;;;1;;0,00;1,66;Cables y Adaptadores USB;Manhattan;
268;9161;390361;390361;;0,000;/390361.JPG;0;;;;;;;;;10;;0,00;1,13;Cables y Adaptadores USB;Manhattan;
257;9161;390576;390576;;0,000;/390576.JPG;0;;;;;;;;;1;;0,00;0,95;Cables y Adapt. Teclado y Raton;Manhattan;
256;9161;390644;390644;;0,000;/390644.JPG;0;;;CABLE VGA ALARGARDOR HD15 Macho/Hembra  3.00M BLINDADO;;;;;;80;;0,00;3,95;Cables Video y Audio;Manhattan;
256;9161;390699;390699;;0,000;/390699.JPG;0;;;;;;;;;1;;0,00;10,59;Cables Video y Audio;Manhattan;
256;9161;390774;390774;;0,000;/390774.JPG;0;;;CABLE AUDIO 1xMINIJACK Macho /2xRCA Hembra 25CM Blister;;;;;;13;;0,00;1,53;Cables Video y Audio;Manhattan;
248;9161;391006;391006;;0,000;/391006.JPG;0;;;;;;;;;4;;0,00;0,95;Cables Corriente;Manhattan;
268;9161;391139;391139;;0,000;/391139.JPG;0;;;;;;;;;1;;0,00;1,69;Cables y Adaptadores USB;Manhattan;
256;9161;391160;391160;;0,000;/391160.JPG;0;;;;;;;;;1;;0,00;1,47;Cables Video y Audio;Manhattan;
255;9161;391191;391191;;0,000;/391191.JPG;0;;;CABLE SATA2 300 EXTERNO Macho/Macho 50cm;;;;;;5;;0,00;2,64;Cables Transferencia Datos;Manhattan;
255;9161;391207;391207;;0,000;/391207.JPG;0;;;;;;;;;1;;0,00;1,95;Cables Transferencia Datos;Manhattan;
248;9161;391375;391375;;0,000;/391375.JPG;0;;;;;;;;;26;;0,00;0,95;Cables Corriente;Manhattan;
258;9161;392358;392358;;0,000;/392358.JPG;0;;;;;;;;;1;;0,00;1,94;Cables y Adaptadores Ethernet;Manhattan;
258;9161;392396;392396;;0,000;/392396.JPG;0;;;;;;;;;4;;0,00;1,34;Cables y Adaptadores Ethernet;Manhattan;
258;9161;392464;392464;;0,000;/392464.JPG;0;;;;;;;;;1;;0,00;1,95;Cables y Adaptadores Ethernet;Manhattan;
128;1;3F 8CMMOLEX;3F 8CMMOLEX;;0,000;/3F 8CMMOLEX.JPG;0;;;VENTILADOR 80*80*25MM NEGRO 3FREE;;;;;;1;;0,00;1,25;Ventiladores de caja;[sin fabricante];
0;1;3G-6210N;3G-6210N;;0,000;/3G-6210N.JPG;0;;;ROUTER WIRELESS 3G PORTABLE EDIMAX;;;;;;1;;0,00;19,95;;[sin fabricante];
228;9161;420945;420945;;0,000;/420945.JPG;0;;;;;;;;;2;;0,00;1,45;Accesorios Material oficina;Manhattan;
228;9161;420952;420952;;0,000;/420952.JPG;0;;;;;;;;;7;;0,00;1,95;Accesorios Material oficina;Manhattan;
112;9161;421232;421232;;0,000;/421232.JPG;0;;;;;;;;;1;;0,00;1,95;Ratones;Manhattan;
195;9161;421560;421560;;0,000;/421560.JPG;0;;;;;;;;;1;;0,00;8,95;Maletines / Mochilas / Bolsas de transporte;Manhattan;
0;9161;422406;422406;;0,000;/422406.JPG;0;;;;;;;;;1;;0,00;1,25;;Manhattan;
0;9161;422475;422475;;0,000;/422475.JPG;0;;;;;;;;;2;;0,00;1,10;;Manhattan;
195;9161;432320;432320;;0,000;/432320.JPG;0;;;;;;;;;2;;0,00;3,44;Maletines / Mochilas / Bolsas de transporte;Manhattan;
206;9161;432351;432351;;0,000;/432351.JPG;0;;;SOPORTE PARED NEGRO MONITOR LCD; Tiene puntos de ajuste vertical, horizontal y de rotación.; Sujeta de manera segura un monitor LCD sobre el escritorio para optimizar el espacio de trabajo y minimizar el desorden.Optimiza la ergonomía y la vista del monitor con ajustes y funciones de inclinación, girar, lado a lado.Brazo de dos piezas para uso pesado, construcción de acero para montaje fácil en la mayoría de las superficies verticales.Instalación de bajo perfil ideal para la casa, oficina y en aplicaciones comerciales.Cumple con los estándares VESA – Se ajusta a monitores de hasta 22" y de hasta 12 kg.; General:Se ajusta a monitores de hasta 22" que cumplen con el estándar VESA de 75 x 75 mm / 100 x 100 mm Capacidad de peso del monitor: Hasta 11.8 kgSe instala en superficies verticales de hasta 12.5 cm de grosorDimensiones:Dimensiones: 8 x 6.5 cmLongitud del brazo: 12.5 cm Peso: 1 kg Contenido del Paquete:Montaje en pared para monitor LCD Piezas para montaje y herramienta;;;8;;0,00;13,62;Soportes Ergonomicos;Manhattan;
195;9161;432443;432443;;0,000;/432443.JPG;0;;;BANDA COJIN PARA CORREA DE MALETIN;;;;;;2;;0,00;3,44;Maletines / Mochilas / Bolsas de transporte;Manhattan;
0;9161;433754;433754;;0,000;/433754.JPG;0;;;;;;;;;7;;0,00;0,95;;Manhattan;
195;9161;438780;438780;;0,000;/438780.JPG;0;;;Mochila para Portátil - Sydney 15,6";;; ColorNegro/ PlateadoEspecificacionesIncluye sujeta lápices, organizador de tarjetas, bolsillos para dispositivos digitales, para archivos y bolso desmontable para guardar accesorios y ganchos para llavesExterior: 45 x 35 x 21 cmCompartimiento de la computadora: 40 x 29 x 5 cm*1.5 kg* Las medidas de la computadora siempre determinan la compatibilidad. Todas las dimensiones son aproximadas y pueden variar ligeramente;;;4;;0,00;25,07;Maletines / Mochilas / Bolsas de transporte;Manhattan;
195;9161;438995;438995;;0,000;/438995.JPG;0;;;Maletin para Portatil Azul 15,4";;;;;;13;;0,00;6,54;Maletines / Mochilas / Bolsas de transporte;Manhattan;
195;9161;439282;439282;;0,000;/439282.JPG;0;;;SOPORTE ACOLCHADO PARA PORTÁTIL;;;;;;9;;0,00;9,64;Maletines / Mochilas / Bolsas de transporte;Manhattan;
195;9161;439466;439466;;0,000;/439466.JPG;0;;;Mochila 15,4" Cambridge Gris/Negra;;; ColorGrafito / NegroEspecificacionesExteriorPoliéster 100%1 bolsillo con cierre1 asa acolchonada de alta resistenciaCorreas ajustables al pecho con bolsillos como accesoriosInterior100% poliéster con espuma de polietileno (EPE)1 compartimiento para la computadora con banda elástica3 bolsillos para guardar diferentes cosas, 3 arillos para bolígrafos y 4 fundas para discosDimensiones:Exterior: 45 x 30.5 x 17 cm, totalesCompartimiento de la computadora: 31 x 29 x 5 cm*Correas al hombro: 94 cmCorrea al pecho: 23 cm0.9 kg* Siempre mida el exterior de su computadora para determinar la compatibilidad. Todas las dimensiones son aproximadas y pueden variar ligeramente.;;;7;;0,00;10,95;Maletines / Mochilas / Bolsas de transporte;Manhattan;
195;9161;439480;439480;;0,000;/439480.JPG;0;;;Maletin para portatil 10,1" COPENAGHEN;;; ColorGris OscuroEspecificacionesExterior100% poliéster, 600DAlmacenaje: 1 bolsillo frontal con cierre  1 bolsillo lateral con cierre de ganchoCorrea al hombro ajustable, 1.2 m, removibleAsas doblesInterior100% poliésterAlmacén: 1 compartimiento principalDimensionesExterior: 27 x 20 x 5 cmInterior: 26 x 19 x 4 cm*Bolsillo frontal: Interior, 26 x 17 cm280 g* Siempre mida su equipo para determinar la compatibilidad. Todas las dimensiones son aproximadas y pueden variar ligeramente.;;;1;;0,00;4,74;Maletines / Mochilas / Bolsas de transporte;Manhattan;
258;9161;450119;450119;;0,000;/450119.JPG;0;;;;;;;;;1;;0,00;0,95;Cables y Adaptadores Ethernet;Manhattan;
2266;9161;450294;450294;;0,000;/450294.JPG;0;;;FUNDA RÍGIDA COLOR CRYSTAL IPAD;;;;;;6;;0,00;4,58;Accesorios Tablets;Manhattan;
258;9161;450317;450317;;0,000;/450317.JPG;0;;;;;;;;;3;;0,00;0,95;Cables y Adaptadores Ethernet;Manhattan;
89;9161;460835;460835;;0,000;/460835.JPG;0;;;LECTOR PISTOLA CÓDIGOS DE BARRA USB 300MM CCD NEGRO;;;;;;1;;0,00;72,84;Escanners Codigo Barras;Manhattan;
260;9161;471107;471107;;0,000;/471107.JPG;0;;;FIBRA PATCH MTRJ-MTRJ (62.5/125)  1.00M;;;;;;1;;0,00;4,71;Cables y Adaptadores Fibra Optica;Manhattan;
260;9161;471114;471114;;0,000;/471114.JPG;0;;;FIBRA PATCH MTRJ-MTRJ (62.5/125)  2.00M;;;;;;1;;0,00;5,88;Cables y Adaptadores Fibra Optica;Manhattan;
260;9161;471213;471213;;0,000;/471213.JPG;0;;;FIBRA PATCH LC-LC (62.5/125)  2.00M;;;;;;1;;0,00;5,80;Cables y Adaptadores Fibra Optica;Manhattan;
260;9161;471282;471282;;0,000;/471282.JPG;0;;;FIBRA PATCH LC-SC (62.5/125)  5.00M;;;;;;7;;0,00;7,67;Cables y Adaptadores Fibra Optica;Manhattan;
260;9161;471336;471336;;0,000;/471336.JPG;0;;;FIBRA PATCH LC-ST (62.5/125)  5.00M;;;;;;1;;0,00;7,06;Cables y Adaptadores Fibra Optica;Manhattan;
260;9161;471343;471343;;0,000;/471343.JPG;0;;;FIBRA PATCH LC-ST (62.5/125) 10.00M;;;;;;1;;0,00;8,24;Cables y Adaptadores Fibra Optica;Manhattan;
112;9161;475204;475204;;0,000;/475204.JPG;0;;;;;;;;;1;;0,00;1,95;Ratones;Manhattan;
258;9161;500043;500043;;0,000;/500043.JPG;0;;;;;;;;;4;;0,00;0,01;Cables y Adaptadores Ethernet;Manhattan;
258;9161;500197;500197;;0,000;/500197.JPG;0;;;;;;;;;3;;0,00;0,01;Cables y Adaptadores Ethernet;Manhattan;
258;9161;500203;500203;;0,000;/500203.JPG;0;;;;;;;;;32;;0,00;0,01;Cables y Adaptadores Ethernet;Manhattan;
258;9161;500340;500340;;0,000;/500340.JPG;0;;;;;;;;;6;;0,00;0,01;Cables y Adaptadores Ethernet;Manhattan;
258;9161;500357;500357;;0,000;/500357.JPG;0;;;;;;;;;4;;0,00;0,01;Cables y Adaptadores Ethernet;Manhattan;
250;9161;500395;500395;;0,000;/500395.JPG;0;;;;;;;;;1;;0,00;44,95;Cables de Antena wireless;Manhattan;
250;9161;500401;500401;;0,000;/500401.JPG;0;;;;;;;;;1;;0,00;99,95;Cables de Antena wireless;Manhattan;
0;9161;501057;501057;;0,000;/501057.JPG;0;;;;;;;;;5;;0,00;0,01;;Manhattan;
0;9161;501101;501101;;0,000;/501101.JPG;0;;;;;;;;;27;;0,00;0,01;;Manhattan;
0;9161;501118;501118;;0,000;/501118.JPG;0;;;;;;;;;205;;0,00;0,01;;Manhattan;
0;9161;501156;501156;;0,000;/501156.JPG;0;;;;;;;;;34;;0,00;0,01;;Manhattan;
0;9161;501415;501415;;0,000;/501415.JPG;0;;;;;;;;;22;;0,00;0,01;;Manhattan;
0;9161;501422;501422;;0,000;/501422.JPG;0;;;;;;;;;10;;0,00;0,01;;Manhattan;
0;9161;501446;501446;;0,000;/501446.JPG;0;;;;;;;;;1;;0,00;0,01;;Manhattan;
270;9161;501828;501828;;0,000;/501828.JPG;0;;;HERRAMENTA RED CRIMPADORA RJ11 Y RJ12;;;;;;3;;0,00;4,91;Cables Herramientas;Manhattan;
270;9161;501829;HT-2094;;0,000;/HT-2094.JPG;0;;;HERRAMENTA RED CRIMPADORA RJ11;;;;;;2;;0,00;1,95;Cables Herramientas;Manhattan;
258;9161;502047;502047;;0,000;/502047.JPG;0;;;;;;;;;36;;0,00;0,01;Cables y Adaptadores Ethernet;Manhattan;
0;9161;502511;502511;;0,000;/502511.JPG;0;;;;;;;;;2;;0,00;0,01;;Manhattan;
151;9161;502566;502566;;0,000;/502566.JPG;0;;;;;;;;;3;;0,00;19,95;Routers;Manhattan;
269;9161;502719;502719;;0,000;/502719.JPG;0;;;;;;;;;1;;0,00;0,95;Cables y Conectores;Manhattan;
0;9161;502948;502948;;0,000;/502948.JPG;0;;;;;;;;;1;;0,00;49,95;;Manhattan;
0;9161;504069;504069;;0,000;/504069.JPG;0;;;;;;;;;15;;0,00;0,01;;Manhattan;
258;9161;504270;504270;;0,000;/504270.JPG;0;;;;;;;;;14;;0,00;0,01;Cables y Adaptadores Ethernet;Manhattan;
258;9161;504638;504638;;0,000;/504638.JPG;0;;;;;;;;;84;;0,00;0,01;Cables y Adaptadores Ethernet;Manhattan;
258;9161;504775;504775;;0,000;/504775.JPG;0;;;;;;;;;9;;0,00;1,45;Cables y Adaptadores Ethernet;Manhattan;
258;9161;504904;504904;;0,000;/504904.JPG;0;;;;;;;;;2;;0,00;1,82;Cables y Adaptadores Ethernet;Manhattan;
0;9161;505765;505765;;0,000;/505765.JPG;0;;;;;;;;;1;;0,00;0,95;;Manhattan;
0;9161;507264;507264;;0,000;/507264.JPG;0;;;;;;;;;5;;0,00;0,01;;Manhattan;
264;9161;507677;507677;;0,000;/507677.JPG;0;;;;;;;;;7;;0,00;0,01;Cables y Adaptadores Paralelo;Manhattan;
264;9161;507714;507714;;0,000;/507714.JPG;0;;;;;;;;;2;;0,00;0,01;Cables y Adaptadores Paralelo;Manhattan;
0;9161;507745;507745;;0,000;/507745.JPG;0;;;;;;;;;8;;0,00;0,01;;Manhattan;
0;9161;508158;508158;;0,000;/508158.JPG;0;;;;;;;;;3;;0,00;0,01;;Manhattan;
0;9161;508356;508356;;0,000;/508356.JPG;0;;;;;;;;;7;;0,00;0,01;;Manhattan;
0;9161;509039;509039;;0,000;/509039.JPG;0;;;;;;;;;6;;0,00;29,95;;Manhattan;
268;9161;510424;510424;;0,000;/510424.JPG;0;;;CABLE USB A/B 2.0 11.00M CON REPETIDOR; Supera las limitaciones de distancia de 5.0 m en USB.;;;;;77;;0,00;9,95;Cables y Adaptadores USB;Manhattan;
258;9161;512114;512114;;0,000;/512114.JPG;0;;;;;;;;;2;;0,00;2,29;Cables y Adaptadores Ethernet;Manhattan;
258;9161;513913;513913;;0,000;/513913.JPG;0;;;;;;;;;3;;0,00;0,49;Cables y Adaptadores Ethernet;Manhattan;
260;9161;514705;514705;;0,000;/514705.JPG;0;;;;;;;;;1;;0,00;0,95;Cables y Adaptadores Fibra Optica;Manhattan;
260;9161;514736;514736;;0,000;/514736.JPG;0;;;ADAPTADOR RED FIBRA DUPLEX SC-SC;;;;;;6;;0,00;0,95;Cables y Adaptadores Fibra Optica;Manhattan;
260;9161;514767;514767;;0,000;/514767.JPG;0;;;;;;;;;7;;0,00;0,95;Cables y Adaptadores Fibra Optica;Manhattan;
260;9161;515795;515795;;0,000;/515795.JPG;0;;;CABLE LATIGUILLO FIBRA SC-ST (62.5/125)  2.00M;;;;;;1;;0,00;3,53;Cables y Adaptadores Fibra Optica;Manhattan;
260;9161;516051;516051;;0,000;/516051.JPG;0;;;CABLE LATIGUILLO RED FIBRA SC-MTRJ (62.5/125)  1.00M;;;;;;1;;0,00;6,79;Cables y Adaptadores Fibra Optica;Manhattan;
260;9161;516068;516068;;0,000;/516068.JPG;0;;;CABLE LATIGUILLO RED FIBRA SC-MTRJ (62.5/125)  2.00M;;;;;;1;;0,00;4,71;Cables y Adaptadores Fibra Optica;Manhattan;
260;9161;516105;516105;;0,000;/516105.JPG;0;;;CABLE LATIGUILLO FIBRA ST-MTRJ (62,5/125)  1.00M;;;;;;2;;0,00;4,71;Cables y Adaptadores Fibra Optica;Manhattan;
260;9161;516112;516112;;0,000;/516112.JPG;0;;;CABLE LATIGUILLO FIBRA ST-MTRJ (62.5/125)  2.00M;;;;;;1;;0,00;4,71;Cables y Adaptadores Fibra Optica;Manhattan;
151;9161;516624;516624;;0,000;/516624.JPG;0;;;;;;;;;1;;0,00;14,95;Routers;Manhattan;
149;9161;519786;519786;;0,000;/519786.JPG;0;;;;;;;;;1;;0,00;9,95;Hubs;Manhattan;
149;9161;519816;519816;;0,000;/519816.JPG;0;;;;;;;;;9;;0,00;9,95;Hubs;Manhattan;
0;9161;520027;520027;;0,000;/520027.JPG;0;;;;;;;;;1;;0,00;0,01;;Manhattan;
270;9161;520843;520843;;0,000;/520843.JPG;0;;;;;;;;;1;;0,00;19,95;Cables Herramientas;Manhattan;
0;9161;521550;521550;;0,000;/521550.JPG;0;;;;;;;;;2;;0,00;29,95;;Manhattan;
250;9161;521680;521680;;0,000;/521680.JPG;0;;;ANTENA CABLE N M/M 7.50M PERD. 0.08dB;;;;;;3;;0,00;33,31;Cables de Antena wireless;Manhattan;
250;9161;522106;522106;;0,000;/522106.JPG;0;;;;;;;;;2;;0,00;12,67;Cables de Antena wireless;Manhattan;
250;9161;522137;522137;;0,000;/522137.JPG;0;;;;;;;;;1;;0,00;6,98;Cables de Antena wireless;Manhattan;
0;9161;522397;522397;;0,000;/522397.JPG;0;;;;;;;;;1;;0,00;4,90;;Manhattan;
0;9161;522830;522830;;0,000;/522830.JPG;0;;;;;;;;;1;;0,00;0,01;;Manhattan;
150;9161;523219;523219;;0,000;/523219.JPG;0;;;;;;;;;1;;0,00;13,95;Switches;Manhattan;
410;9161;523400;523400;;0,000;/523400.JPG;0;;;;;;;;;2;;0,00;24,95;Comutadores KVM;Manhattan;
162;9161;524001;524001;;0,000;/524001.JPG;0;;;ANTENA MIMO INTERNA 5dBi 3 CONECTORES SMA;;;;;;5;;0,00;14,17;Antenas (wifi,wireless,bluetooth,inalambricos);Manhattan;
162;9161;524025;524025;;0,000;/524025.JPG;0;;;ANTENA OMNIDIRECCIONAL INTERNA  4dBi TECHO 2.4GHz/5.0GH;;;;;;1;;0,00;16,28;Antenas (wifi,wireless,bluetooth,inalambricos);Manhattan;
161;9161;524056;524056;;0,000;/524056.JPG;0;;;;;;;;;1;;0,00;16,47;Tarjetas de red (wireless,wifi,inalámbricas);Manhattan;
258;9161;540186;540186;;0,000;/540186.JPG;0;;;;;;;;;7;;0,00;1,75;Cables y Adaptadores Ethernet;Manhattan;
0;9161;550192;550192;;0,000;/550192.JPG;0;;;;;;;;;1;;0,00;70,83;;Manhattan;
85;9161;550857;550857;;0,000;/550857.JPG;0;;;;;;;;;1;;0,00;49,95;Camaras VIdeovigilancia;Manhattan;
167;9161;560207;560207;;0,000;/560207.JPG;0;;;ROSETA EMPOTRABLE 2xRJ45 CAT.6 FTP;;;;;;10;;0,00;3,95;Accesorios de Red;Manhattan;
256;9161;564561;564561;;0,000;/564561.JPG;0;;;;;;;;;2;;0,00;1,19;Cables Video y Audio;Manhattan;
247;1;567104;567104;;0,000;/567104.JPG;0;;;;;;;;;10;;0,00;1,95;Cables Almacenamiento;[sin fabricante];
256;9161;568750;568750;;0,000;/568750.JPG;0;;;;;;;;;9;;0,00;1,45;Cables Video y Audio;Manhattan;
285;9161;602877;602877;;0,000;/602877.JPG;0;;;;;;;;;1;;0,00;45,83;Componentes Rack;Manhattan;
258;8392;625457;625457;;0,000;/625457.JPG;0;;;;;;;;;2;;0,00;0,95;Cables y Adaptadores Ethernet;Equip;
285;9161;676035;676035;;0,000;/676035.JPG;0;;;;;;;;;2;;0,00;15,56;Componentes Rack;Manhattan;
285;9161;680060;680060;;0,000;/680060.JPG;0;;;RACK 19" - ANGULO P600;;;;;;1;;0,00;9,58;Componentes Rack;Manhattan;
134;9161;701006;701006;;0,000;/701006.JPG;0;;;;;;;;;1;;0,00;3,52;Lectores SmartMedia/Card/CompactFlash...;Manhattan;
2772;9161;709040;709040;;0,000;/709040.JPG;0;;;;;;;;;6;;0,00;17,63;Cajas Discos Duros;Manhattan;
285;9161;710411;710411;;0,000;/710411.JPG;0;;;PANEL CIEGO NEGRO 1U PARA RACK 10";;;;;;1;;0,00;1,95;Componentes Rack;Manhattan;
0;8077;748-450;748-450;;0,000;/748-450.JPG;0;;;SENSOR INFRAROJOS USB 2.0 CONCEPTRONIC;;;;;;1;;0,00;4,95;;Conceptronic;
269;8392;769210;769210;;0,000;/769210.JPG;0;;;;;;;;;1;;0,00;12,95;Cables y Conectores;Equip;
267;9105;7820007;7820007;;0,000;/7820007.JPG;0;;;PCMCIA SERIE DB9 1 PUERTO;;;;;;3;;0,00;22,24;Cables y Adaptadores Serie;LogiLink;
31;9044;82YU0168SP;82YU0168SP;;0,000;/82YU0168SP.JPG;0;;;;;;;;;0;;5,33;299,67;Portatiles;Lenovo;
0;9161;903035;903035;;0,000;/903035.JPG;0;;;;;;;;;1;;0,00;4,90;;Manhattan;
123;7728;90MB1CW0-M1EA;90MB1CW0-M1EAY0;;0,000;/90MB1CW0-M1EAY0.JPG;0;;;;;;;;;2;;0,00;89,95;Placas Base;ASUS;
123;7728;90MB1IU0-M0EA;90MB1IU0-M0EAY0;;0,000;/90MB1IU0-M0EAY0.JPG;0;;;;;;;;;1;;0,00;239,95;Placas Base;ASUS;
31;7728;90NB0Q11-M00X;90NB0Q11-M00X60;;0,000;/90NB0Q11-M00X60.JPG;0;;;;;;;;;1;;5,33;263,62;Portatiles;ASUS;
116;7728;90YV0K60-M0NA;90YV0K60-M0NA00;;0,000;/90YV0K60-M0NA00.JPG;0;;;;;;;;;0;;0,00;149,95;Tarjetas Gráficas / Edición de Video;ASUS;
112;9106;910-002235;910-002235;;0,000;/910-002235.JPG;0;;;RATON LOGITECH M185 WIRELESS NANO ADAPTADOR NEGRO-GRIS;;;;;;11;;0,00;8,95;Ratones;Logitech;
112;9106;910-004642;910-004642;;0,000;/910-004642.JPG;0;;;RATON LOGITECH M170 WIRELESS NANO ADAPT;;;;;;10;;0,00;6,95;Ratones;Logitech;
258;1;911500;911500;;0,000;/911500.JPG;0;;;;;;;;;7;;0,00;0,49;Cables y Adaptadores Ethernet;[sin fabricante];
116;9345;912-V809-386R;912-V809-3861;;0,000;/912-V809-3861.JPG;0;;;;;;;;;0;;0,00;57,95;Tarjetas Gráficas / Edición de Video;MSI;
116;9345;912-V812-037;912-V812-037;;0,000;/912-V812-037.JPG;0;;;;;;;;;1;;0,00;84,95;Tarjetas Gráficas / Edición de Video;MSI;
111;9106;920-002550;920-002550;;0,000;/920-002550.JPG;0;;;TECLADO + MOUSE LOGITECH DESKTOP RETAIL MK120;;;;;;13;;0,00;15,65;Teclados;Logitech;
111;9106;920-004513;920-004513;;0,000;/920-004513.JPG;0;;;;;;;;;15;;0,00;21,95;Teclados;Logitech;
248;1;93239;93239;;0,000;/93239.JPG;0;;;CABLE ALARGADOR FUENTE PLACA 24 PINES M/H;;;;;;1;;0,00;1,95;Cables Corriente;[sin fabricante];
0;9161;951159;951159;;0,000;/951159.JPG;0;;;;;;;;;3;;0,00;0,01;;Manhattan;
268;9161;956015;956015;;0,000;/956015.JPG;0;;;;;;;;;15;;0,00;0,19;Cables y Adaptadores USB;Manhattan;
0;9161;998887;998887;;0,000;/998887.JPG;0;;;;;;;;;30;;0,00;0,01;;Manhattan;
269;8548;A-HDMI-VGA-03;A-HDMI-VGA-03;;0,000;/A-HDMI-VGA-03.JPG;0;;;CONVERSOR HDMI M/VGA H + MINIJACK M/M;;;;;;2;;0,00;8,95;Cables y Conectores;Gembird;
268;8548;A-OTG-AFBM-03;A-OTG-AFBM-03;;0,000;/A-OTG-AFBM-03.JPG;0;;;;;;;;;18;;0,00;0,95;Cables y Adaptadores USB;Gembird;
268;15983;A107-0050;A107-0050;;0,000;/A107-0050.JPG;0;;;;;;;;;1;;0,00;1,95;Cables y Adaptadores USB;Aisens;
269;15983;A118-0091;A118-0091;;0,000;/A118-0091.JPG;0;;;;;;;;;1;;0,00;1,95;Cables y Conectores;Aisens;
42;10430;A24E1-H;VA24E1-H;;0,000;/VA24E1-H.JPG;0;;;;;;;;;0;;0,00;60,95;Monitores CLD-TFT 20" a 40";ViewSonic;
2266;9105;AA0009;AA0009;;0,000;/AA0009.JPG;0;;;Lamina Protectora de pantalla - IPAD2;;;;;;2;;0,00;2,11;Accesorios Tablets;LogiLink;
268;9105;AA0035;AA0035;;0,000;/AA0035.JPG;0;;;Cable Usb OTG Ah/ micro bm 2.0 20 cm;;;;;;1;;0,00;0,95;Cables y Adaptadores USB;LogiLink;
206;8379;AC 0524 E;AC 0524 E;;0,000;/AC 0524 E.JPG;0;;;;;;;;;1;;0,00;6,95;Soportes Ergonomicos;Engel;
263;9105;AD0002;AD0002;;0,000;/AD0002.JPG;0;;;Adaptador DVI-H - VGA M;;;;;;1;;0,00;1,95;Cables y Adaptadores Monitor;LogiLink;
245;9105;AD0004;AD0004;;0,000;/AD0004.JPG;0;;;Adaptadores de montaje para disco duro 3,5" A 5.25";;;;;;121;;0,00;1,10;Accesorios Almacenamiento;LogiLink;
194;9105;AD0007;AD0007;;0,000;/AD0007.JPG;0;;;Adaptador USB SATA/E-SATA;;;;;;1;;0,00;6,94;Adaptadores;LogiLink;
197;7728;ADP-120ZB BB;ADP-120ZB BB;;0,000;/ADP-120ZB BB.JPG;0;;;;;;;;;1;;0,00;32,95;Cargadores / Transformadores;ASUS;
128;10174;AF8;AF8;;0,000;/AF8.JPG;0;;;VENTILADOR  80*80*25MM TACENS ANIMA;;;;;;3;;0,00;1,59;Ventiladores de caja;Tacens;
125;1;AFLD416PS1P;AFLD416PS1P;;0,000;/AFLD416PS1P.JPG;0;;;;;;;;;0;;0,00;97,95;Memorias;[sin fabricante];
256;9105;AH0008;AH0008;;0,000;/AH0008.JPG;0;;;ADAPTADOR HDMI H / HDMI M ANGULO 90ş;;;;;;9;;0,00;1,59;Cables Video y Audio;LogiLink;
256;9105;AH0010;AH0010;;0,000;/AH0010.JPG;0;;;Adaptador HDMI H / HDMI MICRO M;;;;;;55;;0,00;1,65;Cables Video y Audio;LogiLink;
256;9105;AH0014;AH0014;;0,000;/AH0014.JPG;0;;;ROSETA 1xHDMI BLANCA;;;;;;1;;0,00;3,75;Cables Video y Audio;LogiLink;
125;1;AH4U16G32C28Y;AH4U16G32C28YTBAA-1;;0,000;/AH4U16G32C28YTBAA-1.JPG;0;;;;;;;;;0;;0,00;74,95;Memorias;[sin fabricante];
258;1;AK-1512-005;AK-1512-005;;0,000;/AK-1512-005.JPG;0;;;;;;;;;2;;0,00;0,95;Cables y Adaptadores Ethernet;[sin fabricante];
161;7679;APPUSB300NAV2;APPUSB300NAV2;;0,000;/APPUSB300NAV2.JPG;0;;;ADAPTADOR USB INALÁMBRICO NANO 300MB WPS APPROX;;;;;;2;;0,00;7,55;Tarjetas de red (wireless,wifi,inalámbricas);Approx;
0;;ARCH M160CD;ARCH M160CD;;0,000;/ARCH M160CD.JPG;0;;;ARCHIVADOR 160 CD'S MALETIN;;;;;;282;;0,00;3,78;;;
0;;ARCH M208CD;ARCH M208CD;;0,000;/ARCH M208CD.JPG;0;;;ARCHIVADOR 208 CD'S MALETIN;;;;;;13;;0,00;7,50;;;
0;;ARCH M240CD;ARCH M320CD;;0,000;/ARCH M320CD.JPG;0;;;ARCHIVADOR 320 CD'S MALETIN;;;;;;52;;0,00;6,33;;;
0;;ARCH M256CD;ARCH M256CD;;0,000;/ARCH M256CD.JPG;0;;;ARCHIVADOR 256 CD'S MALETIN;;;;;;209;;0,00;3,78;;;
161;10297;ARCHER T2U NA;ARCHER T2U NANO;;0,000;/ARCHER T2U NANO.JPG;0;;;;;;;;;5;;0,00;10,95;Tarjetas de red (wireless,wifi,inalámbricas);TP-LINK;
161;10297;ARCHER T2U PL;ARCHER T2U PLUS;;0,000;/ARCHER T2U PLUS.JPG;0;;;;;;;;;0;;0,00;13,75;Tarjetas de red (wireless,wifi,inalámbricas);TP-LINK;
161;10297;ARCHER T3U;ARCHER T3U;;0,000;/ARCHER T3U.JPG;0;;;;;;;;;0;;0,00;14,95;Tarjetas de red (wireless,wifi,inalámbricas);TP-LINK;
161;10297;ARCHER T3U PL;ARCHER T3U PLUS;;0,000;/ARCHER T3U PLUS.JPG;0;;;;;;;;;5;;0,00;15,95;Tarjetas de red (wireless,wifi,inalámbricas);TP-LINK;
124;8818;AT8076806412;AT8076806412;;0,000;/AT8076806412.JPG;0;;;;;;;;;0;;0,00;215,95;Procesadores;Intel;
200;9092;ATRIA;ATRIA;;0,000;/ATRIA.JPG;0;;;;;;;;;71;;0,00;22,95;Cajas CPU;L-Link;
268;9105;AUSB08;AUSB08;;0,000;/AUSB08.JPG;0;;;;;;;;;4;;0,00;0,95;Cables y Adaptadores USB;LogiLink;
200;9092;AVATAR;AVATAR;;0,000;/AVATAR.JPG;0;;;;;;;;;4;;0,00;33,95;Cajas CPU;L-Link;
268;7679;B7049;B7049;;0,000;/B7049.JPG;0;;;;;;;;;1;;0,00;2,95;Cables y Adaptadores USB;Approx;
123;8569;B760M DS3H D4;B760M DS3H DDR4;;0,000;/B760M DS3H DDR4.JPG;0;;;;;;;;;2;;0,00;79,95;Placas Base;GIGABYTE;
124;8818;BX8070110400;BX8070110400;;0,000;/BX8070110400.JPG;0;;;;;;;;;0;;0,00;90,95;Procesadores;Intel;
124;8818;BX8070110400F;BX8070110400F;;0,000;/BX8070110400F.JPG;0;;;PROCESADOR INTEL I5 10400F LGA 1200 BOX;;;;;;0;;0,00;70,95;Procesadores;Intel;
124;8818;BX8070110500;BX8070110500;;0,000;/BX8070110500.JPG;0;;;;;;;;;0;;0,00;147,95;Procesadores;Intel;
124;8818;BX8070110600;BX8070110600;;0,000;/BX8070110600.JPG;0;;;Procesador Intel i5 10600 Socket 1200 Box;;;;;;0;;0,00;171,50;Procesadores;Intel;
124;8818;BX8070110600K;BX8070110600K;;0,000;/BX8070110600K.JPG;0;;;;;;;;;0;;0,00;169,95;Procesadores;Intel;
124;8818;BX807011060KF;BX8070110600KF;;0,000;/BX8070110600KF.JPG;0;;;;;;;;;0;;0,00;172,90;Procesadores;Intel;
124;8818;BX8070811400;BX8070811400;;0,000;/BX8070811400.JPG;0;;;;;;;;;0;;0,00;90,95;Procesadores;Intel;
124;8818;BX8070811400F;BX8070811400F;;0,000;/BX8070811400F.JPG;0;;;;;;;;;0;;0,00;78,95;Procesadores;Intel;
124;8818;BX8070811500;BX8070811500;;0,000;/BX8070811500.JPG;0;;;;;;;;;0;;0,00;149,95;Procesadores;Intel;
124;8818;BX8070811600;BX8070811600;;0,000;/BX8070811600.JPG;0;;;;;;;;;0;;0,00;164,95;Procesadores;Intel;
124;8818;BX8070811600K;BX8070811600K;;0,000;/BX8070811600K.JPG;0;;;;;;;;;0;;0,00;183,95;Procesadores;Intel;
124;8818;BX807081160KF;BX8070811600KF;;0,000;/BX8070811600KF.JPG;0;;;;;;;;;0;;0,00;179,95;Procesadores;Intel;
124;8818;BX8071512100;BX8071512100;;0,000;/BX8071512100.JPG;0;;;;;;;;;0;;0,00;114,95;Procesadores;Intel;
124;8818;BX8071512100F;BX8071512100F;;0,000;/BX8071512100F.JPG;0;;;;;;;;;0;;0,00;60,95;Procesadores;Intel;
124;8818;BX8071512400;BX8071512400;;0,000;/BX8071512400.JPG;0;;;;;;;;;30;;0,00;153,95;Procesadores;Intel;
124;8818;BX8071512400F;BX8071512400F;;0,000;/BX8071512400F.JPG;0;;;;;;;;;5;;0,00;102,95;Procesadores;Intel;
124;8818;BX8071512500;BX8071512500;;0,000;/BX8071512500.JPG;0;;;;;;;;;0;;0,00;175,95;Procesadores;Intel;
124;8818;BX8071512600;BX8071512600;;0,000;/BX8071512600.JPG;0;;;;;;;;;0;;0,00;197,95;Procesadores;Intel;
124;8818;BX8071512600K;BX8071512600K;;0,000;/BX8071512600K.JPG;0;;;;;;;;;20;;0,00;139,95;Procesadores;Intel;
124;8818;BX807151260KF;BX8071512600KF;;0,000;/BX8071512600KF.JPG;0;;;;;;;;;0;;0,00;128,95;Procesadores;Intel;
124;8818;BX8071512700;BX8071512700;;0,000;/BX8071512700.JPG;0;;;;;;;;;0;;0,00;241,95;Procesadores;Intel;
124;8818;BX8071512700F;BX8071512700F;;0,000;/BX8071512700F.JPG;0;;;;;;;;;0;;0,00;195,95;Procesadores;Intel;
124;8818;BX8071512700K;BX8071512700K;;0,000;/BX8071512700K.JPG;0;;;;;;;;;5;;0,00;206,95;Procesadores;Intel;
124;8818;BX807151270KF;BX8071512700KF;;0,000;/BX8071512700KF.JPG;0;;;;;;;;;1;;0,00;190,95;Procesadores;Intel;
124;8818;BX8071512900K;BX8071512900K;;0,000;/BX8071512900K.JPG;0;;;;;;;;;3;;0,00;242,95;Procesadores;Intel;
124;8818;BX807151290KF;BX8071512900KF;;0,000;/BX8071512900KF.JPG;0;;;;;;;;;4;;0,00;224,95;Procesadores;Intel;
124;8818;BX807151290KS;BX8071512900KS;;0,000;/BX8071512900KS.JPG;0;;;;;;;;;0;;0,00;607,95;Procesadores;Intel;
124;8818;BX8071514100;BX8071514100;;0,000;/BX8071514100.JPG;0;;;;;;;;;20;;0,00;122,95;Procesadores;Intel;
124;8818;BX8071514100F;BX8071514100F;;0,000;/BX8071514100F.JPG;0;;;;;;;;;0;;0,00;65,95;Procesadores;Intel;
124;8818;BX8071514400;BX8071514400;;0,000;/BX8071514400.JPG;0;;;;;;;;;1;;0,00;209,95;Procesadores;Intel;
124;8818;BX8071514400F;BX8071514400F;;0,000;/BX8071514400F.JPG;0;;;;;;;;;3;;0,00;140,95;Procesadores;Intel;
124;8818;BX8071514500;BX8071514500;;0,000;/BX8071514500.JPG;0;;;;;;;;;0;;0,00;177,95;Procesadores;Intel;
124;8818;BX8071514600K;BX8071514600K;;0,000;/BX8071514600K.JPG;0;;;;;;;;;0;;0,00;181,95;Procesadores;Intel;
124;8818;BX807151460KF;BX8071514600KF;;0,000;/BX8071514600KF.JPG;0;;;;;;;;;0;;0,00;166,95;Procesadores;Intel;
124;8818;BX8071514700;BX8071514700;;0,000;/BX8071514700.JPG;0;;;;;;;;;0;;0,00;312,95;Procesadores;Intel;
124;8818;BX8071514700F;BX8071514700F;;0,000;/BX8071514700F.JPG;0;;;;;;;;;0;;0,00;229,95;Procesadores;Intel;
124;8818;BX8071514700K;BX8071514700K;;0,000;/BX8071514700K.JPG;0;;;;;;;;;0;;0,00;269,95;Procesadores;Intel;
124;8818;BX807151470KF;BX8071514700KF;;0,000;/BX8071514700KF.JPG;0;;;;;;;;;7;;0,00;252,95;Procesadores;Intel;
124;8818;BX8071514900;BX8071514900;;0,000;/BX8071514900.JPG;0;;;;;;;;;0;;0,00;427,95;Procesadores;Intel;
124;8818;BX8071514900F;BX8071514900F;;0,000;/BX8071514900F.JPG;0;;;;;;;;;0;;0,00;449,95;Procesadores;Intel;
124;8818;BX8071514900K;BX8071514900K;;0,000;/BX8071514900K.JPG;0;;;;;;;;;0;;0,00;355,95;Procesadores;Intel;
124;8818;BX807151490KF;BX8071514900KF;;0,000;/BX8071514900KF.JPG;0;;;;;;;;;0;;0,00;338,95;Procesadores;Intel;
124;8818;BX80768225;BX80768225;;0,000;/BX80768225.JPG;0;;;;;;;;;0;;0,00;140,95;Procesadores;Intel;
124;8818;BX80768225F;BX80768225F;;0,000;/BX80768225F.JPG;0;;;;;;;;;0;;0,00;202,95;Procesadores;Intel;
124;8818;BX80768235;BX80768235;;0,000;/BX80768235.JPG;0;;;;;;;;;0;;0,00;229,95;Procesadores;Intel;
124;8818;BX80768245K;BX80768245K;;0,000;/BX80768245K.JPG;0;;;;;;;;;8;;0,00;152,95;Procesadores;Intel;
124;8818;BX80768245KF;BX80768245KF;;0,000;/BX80768245KF.JPG;0;;;;;;;;;5;;0,00;135,95;Procesadores;Intel;
124;8818;BX80768265K;BX80768265K;;0,000;/BX80768265K.JPG;0;;;;;;;;;0;;0,00;239,95;Procesadores;Intel;
124;8818;BX80768265KF;BX80768265KF;;0,000;/BX80768265KF.JPG;0;;;;;;;;;10;;0,00;208,95;Procesadores;Intel;
124;8818;BX80768285;BX80768285;;0,000;/BX80768285.JPG;0;;;;;;;;;0;;0,00;422,95;Procesadores;Intel;
124;8818;BX80768285K;BX80768285K;;0,000;/BX80768285K.JPG;0;;;;;;;;;0;;0,00;425,95;Procesadores;Intel;
194;9161;C-AB-AV 105;C-AB-AV 105;;0,000;/C-AB-AV 105.JPG;0;;;ADAPTADOR 2-1 AUDIO MINIJACK 1Macho/2Hembras;;;;;;3;;0,00;0,25;Adaptadores;Manhattan;
194;9161;C-AB-AV 108;C-AB-AV 108;;0,000;/C-AB-AV 108.JPG;0;;;ADAPTADOR AUDIO STEREO 2.5mm Macho - 3.5mm Hembra;;;;;;10;;0,00;0,49;Adaptadores;Manhattan;
162;8077;C04-057;C04-057;;0,000;/C04-057.JPG;0;;;DETECTOR / SENSOR WiFi MINI CONCEPTRONIC;;;;;;1;;0,00;4,95;Antenas (wifi,wireless,bluetooth,inalambricos);Conceptronic;
60;8389;C13T09B440;C13T09B440;;0,000;/C13T09B440.JPG;0;;;;;;;;;0;;0,00;8,50;Cartuchos Tinta;Epson;
0;8703;C7115A;C7115A;;0,000;/C7115A.JPG;0;;;TONER HP LASERJET 15A ORIGINAL 1000/1200/3300;;;;;;1;;0,00;59,95;;HP;
0;;CAJA MINI;CAJA MINI;;0,000;/CAJA MINI.JPG;0;;;CAJA STANDARD PARA 1 MINI CD;;;;;;9590;;0,00;0,07;;;
0;;CAJA SHELL;CAJA SHELL;;0,000;/CAJA SHELL.JPG;0;;;;;;;;;6000;;0,00;0,25;;;
0;9498;CART OKB2500A;09004391;;0,000;/09004391.JPG;0;;;TONER OKI B2500/2520/ NEGRO 2200 PAG. ORIGINAL;;;;;;1;;0,00;79,95;;OKI;
268;8548;CC-DP-HDMI-6;CC-DP-HDMI-6;;0,000;/CC-DP-HDMI-6.JPG;0;;;;;;;;;-1;;0,00;5,95;Cables y Adaptadores USB;Gembird;
248;9376;CC-SATA-PSY;CC-SATA-PSY;;0,000;/CC-SATA-PSY.JPG;0;;;CABLE ALIMENTACIÓN FUENTE 1*MOLEX A 2*SATA;;;;;;0;;0,00;0,95;Cables Corriente;Nano Cable;
268;8548;CCP-MUSB2-AMB;CCP-mUSB2-AMBM-6;;0,000;/CCP-mUSB2-AMBM-6.JPG;0;;;CABLE USB A/MICRO B 2.0 1.80M GEMBIRD;;;;;;19;;0,00;0,79;Cables y Adaptadores USB;Gembird;
0;;CD-24R;CD-24R;;0,000;/CD-24R.JPG;0;;;COLUMNA PARA 24 CD/DVD/BR;;;;;;4;;0,00;4,95;;;
0;;CD CASE 20;CD CASE 20;;0,000;/CD CASE 20.JPG;0;;;;;;;;;1;;0,00;4,95;;;
0;1;CE285A COMPAT;CE285A COMPATIBLE;;0,000;/CE285A COMPATIBLE.JPG;0;;;TONER HP LASERJET CE285A COMPATIBLE;;;;;;10;;0,00;6,95;;[sin fabricante];
0;8703;CF217A COMP;CF217A COMPATIBLE;;0,000;/CF217A COMPATIBLE.JPG;0;;;TONER HP LASERJET 17A COMPATIBLE;;;;;;7;;0,00;6,95;;HP;
0;8703;CF259X CHIP C;CF259X CHIP COMPATIBLE;;0,000;/CF259X CHIP COMPATIBLE.JPG;0;;;;;;;;;1;;0,00;15,90;;HP;
0;8703;CF259X COMPAT;CF259X COMPATIBLE;;0,000;/CF259X COMPATIBLE.JPG;0;;;TONER HP LASERJET CF259X NEGRO COMPATIBLE;;;;;;1;;0,00;19,95;;HP;
0;1;CF279A COMPAT;CF279A COMPATIBLE;;0,000;/CF279A COMPATIBLE.JPG;0;;;TONER HP LASERJET PRO M12 NEGRO COMPATIBLE;;;;;;5;;0,00;6,95;;[sin fabricante];
256;9105;CHB1101;CHB1101;;0,000;/CHB1101.JPG;0;;;CABLE HDMI M/M  1.00M V1.4 BLISTER;;; 2x HDMI (Type A) 19-pin maleGold plated contactsTransmission of audio, video and ethernet dataStandard: High Speed with Ethernet480i, 480p, 720p, 1080i, 1080p, 1440p, 2160pMax Data Transfer: Type A+C: 8.16 Gbit/sLength: 1 m;;;1;;0,00;3,99;Cables Video y Audio;LogiLink;
256;9105;CHB3110;CHB3110;;0,000;/CHB3110.JPG;0;;;CABLE HDMI M/DVI-D 18+1M V1.4 10.00M BLISTER;;; HDMI to DVI cableConnector 1: HDMI Typ A (19-pin) maleConnector 2: DVI-D (18+1) maleDVI attachment with knurled thumbscrewsDVI Occupancy: DVI-D (18 +1)Molded plastic hoodGold-plated contactsSupports Full HDLength: 10 m;;;1;;0,00;6,95;Cables Video y Audio;LogiLink;
126;10256;CL-W286-PL12S;CL-W286-PL12SW-A;;0,000;/CL-W286-PL12SW-A.JPG;0;;;;;;;;;-1;;0,00;63,95;Ventiladores CPU;Thermaltake;
228;9105;CM02;CM02;;0,000;/CM02.JPG;0;;;;;;;;;2;;0,00;1,95;Accesorios Material oficina;LogiLink;
258;9105;CP0120;CP0120;;0,000;/CP0120.JPG;0;;;CABLE RED LATIGUILLO RJ45 CAT5 UTP 0.50M GRIS;;;;;;1;;0,00;0,49;Cables y Adaptadores Ethernet;LogiLink;
258;9105;CP0224;CP0224;;0,000;/CP0224.JPG;0;;;;;;;;;1;;0,00;0,69;Cables y Adaptadores Ethernet;LogiLink;
134;11005;CR-204;CR404;;0,000;/CR404.JPG;0;;;LECTOR DE TARJETAS INTERNO CR-404;;;;;;168;;0,00;1,64;Lectores SmartMedia/Card/CompactFlash...;CoolBox;
0;;CREA CD80BLAC;CREA CD80BLACK;;0,000;/CREA CD80BLACK.JPG;0;;;CD-R 80' 48X CREATION BLACK TARRINA 25 (COSTE DE 1 CD);;;;;;1200;;0,08;0,18;;;
0;;CREA CD80JC;CREA  CD80JC;;0,000;/CREA  CD80JC.JPG;0;;;CD-R 80' 48X CREATION JEWEL CASE;;;;;;2100;;0,08;0,23;;;
0;;CREA CDLABKIT;CREA CDLABKIT;;0,000;/CREA CDLABKIT.JPG;0;;;ETIQUETADORA CD LABELING KIT SOFTWARE CREATION;;;;;;5;;0,00;10,59;;;
247;9105;CS0004;CS0004;;0,000;/CS0004.JPG;0;;;CABLE E-SATA EXTERNO M/M 1.00M BLINDADO;;;;;;8;;0,00;1,85;Cables Almacenamiento;LogiLink;
316;8120;CT1000BX500S1;CT1000BX500SSD1;;0,000;/CT1000BX500SSD1.JPG;0;;;SSD 1TB 2.5" SATA3 CRUCIAL BX500;;;;;;25;;1,50;101,95;SSD;Crucial;
125;8120;CT16G48C40U5;CT16G48C40U5;;0,000;/CT16G48C40U5.JPG;0;;;;;;;;;0;;0,00;149,95;Memorias;Crucial;
125;8120;CT16G4DFRA32A;CT16G4DFRA32A;;0,000;/CT16G4DFRA32A.JPG;0;;;;;;;;;0;;0,00;69,95;Memorias;Crucial;
125;8120;CT16G56C46U5;CT16G56C46U5;;0,000;/CT16G56C46U5.JPG;0;;;;;;;;;0;;0,00;156,95;Memorias;Crucial;
316;8120;CT2000E100SSD;CT2000E100SSD8;;0,000;/CT2000E100SSD8.JPG;0;;;;;;;;;0;;3,00;105,95;SSD;Crucial;
316;8120;CT2000P3PSSD8;CT2000P3PSSD8;;0,000;/CT2000P3PSSD8.JPG;0;;;;;;;;;0;;3,00;109,95;SSD;Crucial;
316;8120;CT480E100SSD8;CT480E100SSD8;;0,000;/CT480E100SSD8.JPG;0;;;;;;;;;23;;1,50;63,45;SSD;Crucial;
268;9105;CU0012;CU0012;;0,000;/CU0012.JPG;0;;;CABLE ALARGADOR USB 2.0 5.00M;;;;;;1;;0,00;1,19;Cables y Adaptadores USB;LogiLink;
263;9105;CV0024;CV0024;;0,000;/CV0024.JPG;0;;;CABLE VGA ALARGARDOR HD15 Macho/Hembra 3.00M CON FILTRO;;;;;;223;;0,00;1,53;Cables y Adaptadores Monitor;LogiLink;
263;9105;CV0025;CV0025;;0,000;/CV0025.JPG;0;;;CABLE VGA ALARGARDOR HD15 Macho/Hembra 5.00M CON FILTRO;;;;;;100;;0,00;2,18;Cables y Adaptadores Monitor;LogiLink;
269;9105;CV0053;CV0053;;0,000;/CV0053.JPG;0;;;CONVERSOR HDMI M/5*RCA 2.00M;;;;;;2;;0,00;19,06;Cables y Conectores;LogiLink;
197;1831;DR5035W;DR5035W;;0,000;/DR5035W.JPG;0;;;;;;;;;5;;0,00;5,99;Cargadores / Transformadores;Duracell;
291;10293;DT01ACA;DT01ACA050;;0,000;/DT01ACA050.JPG;0;;;DISCO DURO 500GB SATA3 TOSHIBA;;;;;;4;;0,90;33,05;Discos Duros Internos;Toshiba;
151;;DYNAMIC 04+;DYNAMIC 04+;;0,000;/DYNAMIC 04+.JPG;0;;;;;;;;;1;;0,00;19,95;Routers;;
121;8077;EMRICK04B;EMRICK04B;;0,000;/EMRICK04B.JPG;0;;;;;;;;;1;;0,00;7,95;Tarjetas Controladoras / Puertos USB-Firewire;Conceptronic;
211;2561;EVLB000607;EVLB000607;;0,000;/EVLB000607.JPG;0;;;;;;;;;1;;0,00;6,95;Tabletas Gráficas;E-Vitta;
228;1;EW5601;EW5601;;0,000;/EW5601.JPG;0;;;;;;;;;0;;0,00;2,29;Accesorios Material oficina;[sin fabricante];
161;;EWD;EWD;;0,000;/EWD.JPG;0;;;;;;;;;1;;0,00;10,95;Tarjetas de red (wireless,wifi,inalámbricas);;
125;6943;FLBD532G6000H;FLBD532G6000HC38ADC01;;0,000;/FLBD532G6000HC38ADC01.JPG;0;;;;;;;;;0;;0,00;122,95;Memorias;TEAM ELITE;
371;9264;FQC-10552;FQC-10552;;0,000;/FQC-10552.JPG;0;;;;;;;;;8;;0,00;92,95;Software SIstemas operativos;Microsoft;
116;8569;GV-N506TEAMOC;GV-N506TEAGLEMAX OC-8GD;;0,000;/GV-N506TEAGLEMAX OC-8GD.JPG;0;;;;;;;;;1;;0,00;349,95;Tarjetas Gráficas / Edición de Video;GIGABYTE;
169;9044;GX40Q17225;GX40Q17225;;0,000;/GX40Q17225.JPG;0;;;;;;;;;2;;0,00;16,95;PDA/smartphone;Lenovo;
140;10293;HDTB510EK3AA;HDTB510EK3AA;;0,000;/HDTB510EK3AA.JPG;0;;;;;;;;;50;;4,00;51,95;Discos Duros Externos;Toshiba;
193;8706;HQ-R2U-AA-01;HQ-R2U-AA-01;;0,000;/HQ-R2U-AA-01.JPG;0;;;BLISTER 4 PILAS RECARGABLES AA 1.2V 2300mA HQ;;;;;;5;;0,00;8,08;Baterías;HQ;
193;8706;HQ-R2U-AAA-01;HQ-R2U-AAA-01;;0,000;/HQ-R2U-AAA-01.JPG;0;;;BLISTER 4 PILAS RECARGABLES AAA 1.2V 900mA HQ;;;;;;3;;0,00;4,07;Baterías;HQ;
110;1;IGG316658;IGG316658;;0,000;/IGG316658.JPG;0;;;;;;;;;0;;0,00;2,95;Accesorios Imagen-sonido;[sin fabricante];
245;8548;INSSD2535BRAC;INSSD2535BRACKET;;0,000;/INSSD2535BRACKET.JPG;0;;;KIT DE MONTAJE SSD 2.5" A 3.5";;;;;;18;;0,00;0,95;Accesorios Almacenamiento;Gembird;
151;1;IUWA-150X;IUWA-150X;;0,000;/IUWA-150X.JPG;0;;;;;;;;;1;;0,00;6,95;Routers;[sin fabricante];
258;9161;K5510.1;K5510.1;;0,000;/K5510.1.JPG;0;;;;;;;;;1;;0,00;0,95;Cables y Adaptadores Ethernet;Manhattan;
224;277;KDCR20325;KDCR20325;;0,000;/KDCR20325.JPG;0;;;;;;;;;13;;0,00;1,50;Baterias SAI-UPS;Kodak;
125;8941;KF432C16BB2A/;KF432C16BB2A/16;;0,000;/KF432C16BB2A/16.JPG;0;;;;;;;;;0;;0,00;99,95;Memorias;Kingston;
125;8941;KF560C36BBE2-;KF560C36BBE2-16;;0,000;/KF560C36BBE2-16.JPG;0;;;;;;;;;4;;0,00;164,95;Memorias;Kingston;
385;8917;KL1171S5AFS-9;KL1171S5AFS-9;;0,000;/KL1171S5AFS-9.JPG;0;;;KASPERSKY ANTIVIRUS 2019 1 LICENCIA;;;;;;13;;0,00;15,95;Software antivirus;Kaspersky Lab;
385;8917;KL1171S5CFS-8;KL1171S5CFS-8;;0,000;/KL1171S5CFS-8.JPG;0;;;ANTIVIRUS KASPERSKY 2018 3 LICENCIAS;;;;;;8;;0,00;19,90;Software antivirus;Kaspersky Lab;
200;9092;KLUSTER;KLUSTER;;0,000;/KLUSTER.JPG;0;;;;;;;;;0;;0,00;22,95;Cajas CPU;L-Link;
125;8941;KVR32N22D8/16;KVR32N22D8/16;;0,000;/KVR32N22D8/16.JPG;0;;;;;;;;;0;;0,00;69,95;Memorias;Kingston;
125;8941;KVR32N22S8/16;KVR32N22S8/16;;0,000;/KVR32N22S8/16.JPG;0;;;;;;;;;0;;0,00;159,95;Memorias;Kingston;
125;8941;KVR56U46BS8-1;KVR56U46BS8-16;;0,000;/KVR56U46BS8-16.JPG;0;;;;;;;;;0;;0,00;159,95;Memorias;Kingston;
112;9092;LL-2080-R;LL-2080-R;;0,000;/LL-2080-R.JPG;0;;;;;;;;;1;;0,00;2,45;Ratones;L-Link;
112;9092;LL-2081;LL-2081;;0,000;/LL-2081.JPG;0;;;;;;;;;2;;0,00;1,95;Ratones;L-Link;
112;9092;LL-2095-N;LL-2095-N;;0,000;/LL-2095-N.JPG;0;;;;;;;;;7;;0,00;3,80;Ratones;L-Link;
111;9092;LL-KB-816-COM;LL-KB-816-COMBO;;0,000;/LL-KB-816-COMBO.JPG;0;;;;;;;;;9;;0,00;4,95;Teclados;L-Link;
218;9092;LL-PS-MICRO50;LL-PS-MICRO500-CAB;;0,000;/LL-PS-MICRO500-CAB.JPG;0;;;;;;;;;2;;0,00;13,95;Fuentes Alimentación;L-Link;
112;9106;LOGITECH M90;910-001793;;0,000;/910-001793.JPG;0;;;;;;;;;5;;0,00;4,65;Ratones;Logitech;
206;10287;LP7863TN-B;LP7863TN-B;;0,000;/LP7863TN-B.JPG;0;;;;;;;;;1;;0,00;13,95;Soportes Ergonomicos;TOOQ;
743;1;M8080;M8080;;0,000;/M8080.JPG;0;;;Rollo papel térmico 8x8 LIBRE DE BISFENOL A;;;;;;0;;0,00;0,79;Papel de Impresoras de Tickets;[sin fabricante];
125;330;MD16GSD54800-;MD16GSD54800-BLK;;0,000;/MD16GSD54800-BLK.JPG;0;;;;;;;;;0;;0,00;149,95;Memorias;PNY Technologies;
125;6943;MEN 1GB 800;TED21G800C6BK;;0,000;/TED21G800C6BK.JPG;0;;;MEMORIA DDR2 1GB/ 800 TEAM ELITE;;;;;;12;;0,00;11,99;Memorias;TEAM ELITE;
316;9892;MZ-V9S2T0BW;MZ-V9S2T0BW;;0,000;/MZ-V9S2T0BW.JPG;0;;;;;;;;;0;;3,00;136,95;SSD;Samsung;
200;9092;NOVA;NOVA;;0,000;/NOVA.JPG;0;;;;;;;;;4;;0,00;44,95;Cajas CPU;L-Link;
128;15394;NV-R120B;NV-R120B;;0,000;/NV-R120B.JPG;0;;;VENTILADOR 12CM RAIDMAX RGB 3/4 PINES;;;;;;6;;0,00;5,90;Ventiladores de caja;Raidmax;
194;;NW286;NW286;;0,000;/NW286.JPG;0;;;;;;;;;2;;0,00;4,95;Adaptadores;;
111;8985;NXKROMKLYSSP;NXKROMKLYSSP;;0,000;/NXKROMKLYSSP.JPG;0;;;;;;;;;0;;0,00;15,70;Teclados;KROM;
260;1;O0350.0,5;O0350.0,5;;0,000;/O0350.0,5.JPG;0;;;FIBRA PATCH LC-LC (9/125) 0.50M OS2 LSZH;;;;;;1;;0,00;2,95;Cables y Adaptadores Fibra Optica;[sin fabricante];
425;9490;OCZTXTCC;OCZTXTCC;;0,000;/OCZTXTCC.JPG;0;;;;;;;;;2;;0,00;29,95;Modding;OCZ;
167;15984;OK1-0002-W;OK1-0002-W;;0,000;/OK1-0002-W.JPG;0;;;;;;;;;1;;0,00;1,59;Accesorios de Red;LANBERG;
171;9506;OMPB20CCBM;OMPB20CCBM;;0,000;/OMPB20CCBM.JPG;0;;;POWERBANK 2000mAh SUPER SLIM MICRO USB NEGRO;;;;;;3;;0,00;3,75;Accesorios para teléfonos moviles;Omega;
171;9506;OMPB20CCWML;OMPB20CCWML;;0,000;/OMPB20CCWML.JPG;0;;;POWERBANK 2000mAh SLIM MICROUSB+LIGHTNING BLANCO;;;;;;4;;0,00;5,55;Accesorios para teléfonos moviles;Omega;
385;9577;PANDAMOBIL5L;A1MS14MB5;;0,000;/A1MS14MB5.JPG;0;;;ANTIVIRUS PANDA MOBILE SECURITY 5 LICENCIAS ANDROID;;;;;;5;;0,00;4,99;Software antivirus;Panda Security;
0;7915;PC-70;PC-70;;0,000;/PC-70.JPG;0;;;ROLLO DE TRANSFERENCIA BROTHER PARA FAX-T72/T74/T76;;;;;;2;;0,00;15,95;;Brother;
121;9105;PC0005A;PC0005A;;0,000;/PC0005A.JPG;0;;;Tarjeta controladora IDE 1/ SATA 2 / E-SATA 1;;; PCI card e-SATA / SATA & IDE1x e-SATA external2x SATA and 1x IDE 40-pin internalAutomatic IRQ addressMax Speed: 150 Mbit/sInternal overvoltage protection;;;2;;0,00;6,80;Tarjetas Controladoras / Puertos USB-Firewire;LogiLink;
121;9105;PC0023A;PC0023A;;0,000;/PC0023A.JPG;0;;;;;;;;;2;;0,00;8,95;Tarjetas Controladoras / Puertos USB-Firewire;LogiLink;
267;9105;PC0026A;PC0026A;;0,000;/PC0026A.JPG;0;;;PCMCIA FIREWIRE 2 PUERTOS;;;;;;1;;0,00;6,88;Cables y Adaptadores Serie;LogiLink;
121;9105;PC0028;PC0028;;0,000;/PC0028.JPG;0;;;;;;;;;1;;0,00;3,86;Tarjetas Controladoras / Puertos USB-Firewire;LogiLink;
121;9105;PC0035;PC0035;;0,000;/PC0035.JPG;0;;;EXPRESS CARD RED RJ45 GIGABIT;;;;;;2;;0,00;8,00;Tarjetas Controladoras / Puertos USB-Firewire;LogiLink;
267;9105;PC0051;PC0051;;0,000;/PC0051.JPG;0;;;PCMCIA PARALELO DB25 1 PUERTO;;;;;;16;;0,00;9,95;Cables y Adaptadores Serie;LogiLink;
200;12369;PCA-APC40-1;PCA-APC40-1;;0,000;/PCA-APC40-1.JPG;0;;;;;;;;;5;;0,00;28,95;Cajas CPU;PC PCASE;
200;12369;PCA-MPC28-1;PCA-MPC28-1;;0,000;/PCA-MPC28-1.JPG;0;;;;;;;;;1;;0,00;22,95;Cajas CPU;PC PCASE;
281;15279;PHYRO BITF1;PHYRO BITF1;;0,000;/PHYRO BITF1.JPG;0;;;ORDENADOR PHYRO BITFENIX PRODIGY INTEL;;;;;;0;;5,33;521,90;Ordenadores;Speedler;
281;15279;PHYRO BITF2;PHYRO BITF2;;0,000;/PHYRO BITF2.JPG;0;;;ORDENADOR PHYRO BITFENIX PRODIGY AMD;;;;;;0;;5,33;565,70;Ordenadores;Speedler;
281;15279;PHYRO BITF3;PHYRO BITF3;;0,000;/PHYRO BITF3.JPG;0;;;ORDENADOR PHYRO BITFENIX NOVA MESH SE INTEL;;;;;;0;;5,33;990,50;Ordenadores;Speedler;
281;15279;PHYRO BITF4;PHYRO BITF4;;0,000;/PHYRO BITF4.JPG;0;;;ORDENADOR PHYRO BITFENIX NOVA MESH SE AMD;;;;;;0;;5,33;923,55;Ordenadores;Speedler;
281;15279;PHYRO BITF5;PHYRO BITF5;;0,000;/PHYRO BITF5.JPG;0;;;ORDENADOR PHYRO BITFENIX DAWN TG INTEL;;;;;;0;;5,33;1557,44;Ordenadores;Speedler;
281;15279;PHYRO BITF6;PHYRO BITF6;;0,000;/PHYRO BITF6.JPG;0;;;ORDENADOR PHYRO BITFENIX DAWN TG AMD;;;;;;0;;5,33;1400,41;Ordenadores;Speedler;
281;15279;PHYRO ECO1;PHYRO ECO1;;0,000;/PHYRO ECO1.JPG;0;;;ORDENADOR PHYRO ECO 1;;;;;;0;;5,33;194,62;Ordenadores;Speedler;
281;15279;PHYRO ECO2;PHYRO ECO2;;0,000;/PHYRO ECO2.JPG;0;;;ORDENADOR PHYRO ECO 2;;;;;;0;;5,33;239,62;Ordenadores;Speedler;
281;15279;PHYRO ECO3;PHYRO ECO3;;0,000;/PHYRO ECO3.JPG;0;;;ORDENADOR PHYRO ECO 3;;;;;;0;;5,33;290,62;Ordenadores;Speedler;
281;15279;PHYRO GAMING1;PHYRO GAMING1;;0,000;/PHYRO GAMING1.JPG;0;;;ORDENADOR PHYRO GAMING 1;;;;;;0;;5,33;461,57;Ordenadores;Speedler;
281;15279;PHYRO GAMING2;PHYRO GAMING2;;0,000;/PHYRO GAMING2.JPG;0;;;ORDENADOR PHYRO GAMING 2;;;;;;0;;5,33;505,37;Ordenadores;Speedler;
281;15279;PHYRO GAMING3;PHYRO GAMING3;;0,000;/PHYRO GAMING3.JPG;0;;;ORDENADOR PHYRO GAMING 3;;;;;;0;;5,33;843,39;Ordenadores;Speedler;
281;15279;PHYRO GAMING4;PHYRO GAMING4;;0,000;/PHYRO GAMING4.JPG;0;;;ORDENADOR PHYRO GAMING 4;;;;;;0;;5,33;772,31;Ordenadores;Speedler;
281;15279;PHYRO GAMING5;PHYRO GAMING5;;0,000;/PHYRO GAMING5.JPG;0;;;ORDENADOR PHYRO GAMING 5;;;;;;0;;5,33;1786,63;Ordenadores;Speedler;
281;15279;PHYRO GAMING6;PHYRO GAMING6;;0,000;/PHYRO GAMING6.JPG;0;;;ORDENADOR PHYRO GAMING 6;;;;;;0;;5,33;1762,08;Ordenadores;Speedler;
281;15279;PHYRO GAMING7;PHYRO GAMING7;;0,000;/PHYRO GAMING7.JPG;0;;;ORDENADOR PHYRO GAMING 7;;;;;;0;;5,33;2743,99;Ordenadores;Speedler;
281;15279;PHYRO GAMING8;PHYRO GAMING8;;0,000;/PHYRO GAMING8.JPG;0;;;ORDENADOR PHYRO GAMING 8;;;;;;0;;5,33;2727,63;Ordenadores;Speedler;
281;15279;PHYRO OFFICE1;PHYRO OFFICE1;;0,000;/PHYRO OFFICE1.JPG;0;;;ORDENADOR PHYRO OFFICE 1;;;;;;0;;5,33;181,41;Ordenadores;Speedler;
281;15279;PHYRO OFFICE2;PHYRO OFFICE2;;0,000;/PHYRO OFFICE2.JPG;0;;;ORDENADOR PHYRO OFFICE 2;;;;;;0;;5,33;187,19;Ordenadores;Speedler;
281;15279;PHYRO OFFICE3;PHYRO OFFICE3;;0,000;/PHYRO OFFICE3.JPG;0;;;ORDENADOR PHYRO OFFICE 3;;;;;;0;;5,33;340,91;Ordenadores;Speedler;
281;15279;PHYRO OFFICE4;PHYRO OFFICE4;;0,000;/PHYRO OFFICE4.JPG;0;;;;;;;;;0;;5,33;388,02;Ordenadores;Speedler;
281;15279;PHYRO PRO1;PHYRO PRO1;;0,000;/PHYRO PRO1.JPG;0;;;ORDENADOR PHYRO PRO 1;;;;;;0;;5,33;298,76;Ordenadores;Speedler;
281;15279;PHYRO PRO2;PHYRO PRO2;;0,000;/PHYRO PRO2.JPG;0;;;ORDENADOR PHYRO PRO 2;;;;;;0;;5,33;262,61;Ordenadores;Speedler;
281;15279;PHYRO PRO3;PHYRO PRO3;;0,000;/PHYRO PRO3.JPG;0;;;ORDENADOR PHYRO PRO 3;;;;;;0;;5,33;534,62;Ordenadores;Speedler;
281;15279;PHYRO ULTGAM1;PHYRO ULTRA GAMING 1;;0,000;/PHYRO ULTRA GAMING 1.JPG;0;;;;;;;;;1;;5,33;3603,17;Ordenadores;Speedler;
281;15279;PHYRO ULTGAM2;PHYRO ULTRA GAMING 2;;0,000;/PHYRO ULTRA GAMING 2.JPG;0;;;;;;;;;1;;5,33;4388,70;Ordenadores;Speedler;
258;1;PLU-5000;PLU-5000;;0,000;/PLU-5000.JPG;0;;;;;;;;;1;;0,00;6,95;Cables y Adaptadores Ethernet;[sin fabricante];
0;1;POE-24-12W-G;POE-24-12W-G;;0,000;/POE-24-12W-G.JPG;0;;;;;;;;;1;;0,00;8,95;;[sin fabricante];
285;1;POLE800;POLE800;;0,000;/POLE800.JPG;0;;;;;;;;;1;;0,00;9,95;Componentes Rack;[sin fabricante];
270;1;PP-LSA;IC-LSA-PT;;0,000;/IC-LSA-PT.JPG;0;;;;;;;;;1;;0,00;6,95;Cables Herramientas;[sin fabricante];
258;8548;PP6-0.25M;PP6-0.25M;;0,000;/PP6-0.25M.JPG;0;;;;;;;;;1;;0,00;0,95;Cables y Adaptadores Ethernet;Gembird;
125;1551;PSD416G32002;PSD416G32002;;0,000;/PSD416G32002.JPG;0;;;;;;;;;16;;0,00;99,95;Memorias;Patriot;
743;1;PTSB8080;PTSB8080;;0,000;/PTSB8080.JPG;0;;;;;;;;;745;;0,00;3,95;Papel de Impresoras de Tickets;[sin fabricante];
425;8088;R4-TMBB-08FK-;R4-TMBB-08FK-R0;;0,000;/R4-TMBB-08FK-R0.JPG;0;;;;;;;;;1;;0,00;7,25;Modding;Cooler Master;
159;10297;RE200;RE200;;0,000;/RE200.JPG;0;;;;;;;;;0;;0,00;23,95;Puntos de acceso Wireless-inalambrico;TP-LINK;
316;8941;SA400S37/480G;SA400S37/480G;;0,000;/SA400S37/480G.JPG;0;;;SSD  480GB 2.5"SATA3 KINGSTON A400;;;;;;0;;1,50;91,45;SSD;Kingston;
220;9885;SAI SPS 900;662AF000003;;0,000;/662AF000003.JPG;0;;;SAI SALICRU SPS ONE 900VA;;;;;;0;;0,00;69,95;Equipos SAI-UPS;SALICRU;
256;9376;SINPN01;SINPN01;;0,000;/SINPN01.JPG;0;;;CABLE AUDIO MINIJACK M/M  1.80M;;;;;;1;;0,00;0,95;Cables Video y Audio;Nano Cable;
256;1;SINPN02;SINPN02;;0,000;/SINPN02.JPG;0;;;ADAPTADOR HDMI H / USB Micro Macho (MHL to HDMI);;;;;;1;;0,00;1,95;Cables Video y Audio;[sin fabricante];
197;1;SINPN03;SINPN03;;0,000;/SINPN03.JPG;0;;;CARGADOR USB*2 A MECHERO COCHE 2.1A + CABLE USB A/C;;;;;;1;;0,00;2,95;Cargadores / Transformadores;[sin fabricante];
194;1;SINPN04;SINPN04;;0,000;/SINPN04.JPG;0;;;ADAPTADOR DB9H / DB25M;;;;;;1;;0,00;0,95;Adaptadores;[sin fabricante];
316;8941;SNV3S/1000G;SNV3S/1000G;;0,000;/SNV3S/1000G.JPG;0;;;;;;;;;8;;1,50;123,45;SSD;Kingston;
316;8941;SNV3S/2000G;SNV3S/2000G;;0,000;/SNV3S/2000G.JPG;0;;;;;;;;;0;;3,00;127,95;SSD;Kingston;
206;1;SP-B09SQ79F7N;B09SQ79F7N;;0,000;/B09SQ79F7N.JPG;0;;;;;;;;;0;;0,00;45,95;Soportes Ergonomicos;[sin fabricante];
248;1;SP-CPW200;SP-CPW200;;0,000;/SP-CPW200.JPG;0;;;CABLE ALIMENTENTACIÓN 220V 1.80M;;;;;;14;;0,00;1,25;Cables Corriente;[sin fabricante];
125;1;SP008GBLFU320;SP008GBLFU320X2;;0,000;/SP008GBLFU320X2.JPG;0;;;;;;;;;6;;0,00;53,95;Memorias;[sin fabricante];
125;1;SP016GXLZU320;SP016GXLZU320BSI;;0,000;/SP016GXLZU320BSI.JPG;0;;;;;;;;;0;;0,00;79,95;Memorias;[sin fabricante];
126;10088;SP611S1-V2-PW;SP611S1-V2-PW;;0,000;/SP611S1-V2-PW.JPG;0;;;COOLER VENTILADOR SPIRE 775/1155/1156/AM2/AM3/FM1;;;;;;64;;0,00;12,95;Ventiladores CPU;Spire;
126;10088;SP806S3;SP806S3;;0,000;/SP806S3.JPG;0;;;COOLER VENTILADOR SPIRE AM2/AM3/FM1/FM2;;;;;;86;;0,00;8,95;Ventiladores CPU;Spire;
2;;STL3PLY;STL3PLY;;0,000;/STL3PLY.JPG;0;;; Mascarillas higiénicas desechables adulto 3 Capas Mediroc Pack 10 unidades;;;;;;0;;0,00;1,95;Sin clasificar;;
134;10174;TACENS_ACR3;ACR3;;0,000;/ACR3.JPG;0;;;;;;;;;1;;0,00;8,48;Lectores SmartMedia/Card/CompactFlash...;Tacens;
2152;14569;TAL-CAIMAN-GR;TAL-CAIMAN-GREY;;0,000;/TAL-CAIMAN-GREY.JPG;0;;;SILLA GAMING TALIUS CAIMAN V2 NEGRA/GRIS;;;;;;1;;0,00;165,90;Sillas Gaming;TALIUS;
2152;14569;TAL-CAIMAN-OR;TAL-CAIMAN-ORG;;0,000;/TAL-CAIMAN-ORG.JPG;0;;;SILLA GAMING TALIUS CAIMAN V2 NEGRA/NARANJA;;;;;;1;;0,00;165,90;Sillas Gaming;TALIUS;
2152;14569;TAL-CAIMAN-PN;TAL-CAIMAN-PNK;;0,000;/TAL-CAIMAN-PNK.JPG;0;;;SILLA GAMING TALIUS CAIMAN V2 NEGRA/ROSA;;;;;;1;;0,00;165,90;Sillas Gaming;TALIUS;
2152;14569;TAL-CAIMAN-RE;TAL-CAIMAN-RED;;0,000;/TAL-CAIMAN-RED.JPG;0;;;SILLA GAMING TALIUS CAIMAN V2 NEGRA/ROJA;;;;;;1;;0,00;165,90;Sillas Gaming;TALIUS;
2152;14569;TAL-GECKO-YLW;TAL-GECKO-YLW;;0,000;/TAL-GECKO-YLW.JPG;0;;;SILLA GAMING TALIUS GECKO V2 NEGRA/AMARILLA;;;;;;1;;0,00;102,90;Sillas Gaming;TALIUS;
2152;14569;TAL-LIZARD-YL;TAL-LIZARD-YLW;;0,000;/TAL-LIZARD-YLW.JPG;0;;;SILLA GAMING TALIUS LIZARD V2 NEGRA/AMARILLA;;;;;;1;;0,00;115,90;Sillas Gaming;TALIUS;
2152;14569;TAL-VULTURE-O;TAL-VULTURE-ORG;;0,000;/TAL-VULTURE-ORG.JPG;0;;;SILLA GAMING TALIUS VULTURE NEGRA/NARANJA;;;;;;1;;0,00;159,90;Sillas Gaming;TALIUS;
2152;14569;TAL-VULTURE-P;TAL-VULTURE-PNK;;0,000;/TAL-VULTURE-PNK.JPG;0;;;SILLA GAMING TALIUS VULTURE NEGRA/ROSA;;;;;;1;;0,00;159,90;Sillas Gaming;TALIUS;
169;14569;TAL-WARSHIPZ1;TAL-WARSHIPZ1;;0,000;/TAL-WARSHIPZ1.JPG;0;;;MESA GAMING TALIUS WARSHIP Z1 RGB;;;;;;1;;0,00;125,95;PDA/smartphone;TALIUS;
160;10297;TD-W8961N;TD-W8961N;;0,000;/TD-W8961N.JPG;0;;;ROUTER ADSL WIFI 300MB ADSL2 TP-LINK 2 ANTENAS;;;;;;0;;0,00;17,95;Routers (wireless,wfi,inalambricos);TP-LINK;
125;6943;TED48G2666C19;TED48G2666C19-S01;;0,000;/TED48G2666C19-S01.JPG;0;;;;;;;;;0;;0,00;22,95;Memorias;TEAM ELITE;
155;10297;TG-3468;TG-3468;;0,000;/TG-3468.JPG;0;;;TPLINK - TARJETA PCI EXPRESS RED RJ45 GIGABIT;;;;;;1;;0,00;8,95;Tarjetas de red;TP-LINK;
271;8077;THANA 01B;THANA 01B;;0,000;/THANA 01B.JPG;0;;;;;;;;;1;;0,00;10,95;Accesorios Portatiles;Conceptronic;
150;10297;TL-SG1005D;TL-SG1005D;;0,000;/TL-SG1005D.JPG;0;;;TPLINK - SWITCH GIGABIT 5 PUERTOS;;;;;;0;;0,00;10,95;Switches;TP-LINK;
150;10297;TL-SG1008D;TL-SG1008D;;0,000;/TL-SG1008D.JPG;0;;;TPLINK - SWITCH GIGABIT 8 PUERTOS;;;;;;2;;0,00;16,50;Switches;TP-LINK;
159;10297;TL-WA1201;TL-WA1201;;0,000;/TL-WA1201.JPG;0;;;;;;;;;0;;0,00;43,95;Puntos de acceso Wireless-inalambrico;TP-LINK;
159;10297;TL-WA854RE;TL-WA854RE;;0,000;/TL-WA854RE.JPG;0;;;;;;;;;2;;0,00;12,95;Puntos de acceso Wireless-inalambrico;TP-LINK;
160;10297;TL-WR841N;TL-WR841N;;0,000;/TL-WR841N.JPG;0;;;TPLINK - WIFI ROUTER N 300MB - 2 ANTENAS;;;;;;0;;0,00;13,95;Routers (wireless,wfi,inalambricos);TP-LINK;
0;1;TN2000 COMPAT;TN2000 COMPATIBLE;;0,000;/TN2000 COMPATIBLE.JPG;0;;;TONER BROTHER TN2000/2005/2025 COMPATIBLE;;;;;;1;;0,00;6,95;;[sin fabricante];
0;8703;TONER HP 1300;Q2613A COMPATIBLE;;0,000;/Q2613A COMPATIBLE.JPG;0;;;TONER HP LASERJET 13A COMPATIBLE;;;;;;3;;0,00;19,95;;HP;
0;8703;TONER HP 25MM;Q3973A;;0,000;/Q3973A.JPG;0;;;TONER HP LASERJET 2520 MAGENTA ORIGINAL;;;;;;1;;0,00;53,95;;HP;
2772;10287;TQE-2201B;TQE-2201B;;0,000;/TQE-2201B.JPG;0;;;;;;;;;3;;0,00;12,95;Cajas Discos Duros;TOOQ;
200;10287;TQE-2527G;TQE-2527G;;0,000;/TQE-2527G.JPG;0;;;;;;;;;0;;0,00;5,95;Cajas CPU;TOOQ;
2772;10287;TQE-3527B;TQE-3527B;;0,000;/TQE-3527B.JPG;0;;;CAJA EXTERNA TOOQ HDD 3.5" SATA USB3.0 NEGRA;;;;;;3;;0,00;11,95;Cajas Discos Duros;TOOQ;
197;10287;TQLC-100BS01M;TQLC-100BS01M;;0,000;/TQLC-100BS01M.JPG;0;;;FUENTE UNIV.P/PORT.100W TOOQ +COCHE +USB;;; Especificaciones:·Cargador manual universal 3 en 1 para portátiles u otros dispositivos.·Permite usarse en coche, casa y avión.·12 Conectores intercambiables DC para asegurar una máxima compatibilidad de portátiles.·Multitensión con voltajes de salida: 12V 15V 16V 18V 19V 20V 22V 24V 5A(MAX) 100W USB: DC 5V 1A(MAX) 5W·Voltaje de entrada: AC110-240V ~ 2A 50-60Hz. DC12V(Coche).·Máxima seguridad: diseńo antiestático nivel 100.000, carcasa a prueba de fuego y altas temperaturas.·Permite cargar dispositivos MP3, teléfonos móviles, cámaras digitales, videocámaras u otros dispositivos con salida USB a través del puerto USB del cargador.·Protección de seguridad: protección contra subidas de temperaturas (OTP), protección contra sobretensión (OVP), protección contra sobrecorriente (OCP), y protección contra cortocircuito (SCP).·PFC activo incorporado. Eficiencia > 90%;;;1;;0,00;16,75;Cargadores / Transformadores;TOOQ;
197;10287;TQLC-65BS02AT;TQLC-65BS02AT;;0,000;/TQLC-65BS02AT.JPG;0;;;;;;;;;2;;0,00;13,25;Cargadores / Transformadores;TOOQ;
197;10287;TQLC-90BS02AT;TQLC-90BS02AT;;0,000;/TQLC-90BS02AT.JPG;0;;;;;;;;;4;;0,00;18,95;Cargadores / Transformadores;TOOQ;
256;9161;TV77;TV77;;0,000;/TV77.JPG;0;;;CABLE AUDIO MINIJACK Macho/Macho 20CM;;;;;;2;;0,00;0,99;Cables Video y Audio;Manhattan;
194;9105;UA0061;UA0061;;0,000;/UA0061.JPG;0;;;EXPRESS CARD ADAPTADOR USB;;;;;;2;;0,00;5,06;Adaptadores;LogiLink;
153;9105;UA0080;UA0080;;0,000;/UA0080.JPG;0;;;CONVERSOR USB a XLR MICROFONO RS-297-A;;;;;;7;;0,00;7,65;Transceptores / Convertidores;LogiLink;
153;9105;UA0081;UA0081;;0,000;/UA0081.JPG;0;;;CONVERSOR USB a JACK AUDIO 6.3mm;;;;;;7;;0,00;7,65;Transceptores / Convertidores;LogiLink;
2266;9105;UA0094;UA0094;;0,000;/UA0094.JPG;0;;;;;;;;;1;;0,00;4,12;Accesorios Tablets;LogiLink;
194;8548;UAS-DB9M-02;UAS-DB9M-02;;0,000;/UAS-DB9M-02.JPG;0;;;CONVERSOR USB/RS232 SERIE DB9 GEMBIRD;;;;;;2;;0,00;6,99;Adaptadores;Gembird;
110;10297;UB5A;UB5A;;0,000;/UB5A.JPG;0;;;;;;;;;1;;0,00;8,95;Accesorios Imagen-sonido;TP-LINK;
0;;V CONECT RED;GM1221;;0,000;/GM1221.JPG;0;;;;;;;;;3;;0,00;1,24;;;
200;15394;VORTEX 403WB;VORTEX V3 403WB;;0,000;/VORTEX V3 403WB.JPG;0;;;CAJA ATX RAIDMAX VORTEX V3 403WB BLACK;;;;;;2;;0,00;22,95;Cajas CPU;Raidmax;
200;15394;VORTEX 404WR;VORTEX V4 404WR;;0,000;/VORTEX V4 404WR.JPG;0;;;CAJA ATX RAIDMAX VORTEX V4 404WR RED;;;;;;2;;0,00;22,95;Cajas CPU;Raidmax;
410;9105;VSC12A;VSC-12AM;;0,000;/VSC-12AM.JPG;0;;;SPLITTER VGA+MINIJACK xUSB 300MHZ 65.00M;;;;;;1;;0,00;17,65;Comutadores KVM;LogiLink;
126;1;VT3205;VT3205;;0,000;/VT3205.JPG;0;;;;;;;;;1;;0,00;34,95;Ventiladores CPU;[sin fabricante];
123;8569;Z790 EAGLE AX;Z790 EAGLE AX G10;;0,000;/Z790 EAGLE AX G10.JPG;0;;;;;;;;;2;;0,00;149,95;Placas Base;GIGABYTE;
0;;ZAC DONATELLO;ZAC DONATELLO;;0,000;/ZAC DONATELLO.JPG;0;;;PAPEL GLOSSY PHOTO 210 gramos DIN-A5;;;;;;4;;0,00;0,56;;;
0;2779;ZBOX-MI351-E;ZBOX-MI351-E;;0,000;/ZBOX-MI351-E.JPG;0;;;;;;;;;1;;0,00;159,95;;Zotac;
116;2779;ZT-71310-10L;ZT-71310-10L;;0,000;/ZT-71310-10L.JPG;0;;;;;;;;;0;;0,00;42,95;Tarjetas Gráficas / Edición de Video;Zotac;